# Prime Tasks data file: one u64 per line. Lines starting with '#' are ignored.
42911208
7471303
1678445
49764613
18456907
16434416
14979421
9364233
49423748
6878336
45412535
49705372
36598930
5834368
39627283
28314696
2132901
1999659
6287783
14672548
15613610
33913821
40400795
1780800
37664520
13343770
48051264
43613008
47065124
36570405
28153500
14793521
30145910
39544952
18669064
436126
10714557
46851343
28361174
22833827
18647632
10434054
14449463
22588479
6859217
6224070
25496491
6490528
24090700
23082479
40515370
17751696
2915911
48971473
30831483
35985660
8376943
25403014
5288193
37046821
19674863
42187304
41508159
24268917
38745448
12904270
47283017
4667769
3075224
44376632
15293996
19420499
5354750
15622333
6778093
25509841
18654494
30427852
42660062
24483475
10915533
24842426
23841815
14059780
44974696
17916580
47098365
45872109
43488920
4791743
40878091
42612673
11484922
35845522
48930873
16428985
10965757
31021759
25464825
18115893
42949658
46181769
37376266
14738126
45943686
21762247
3753934
15371157
2154212
21169697
26921715
17967788
4441844
14158820
38062810
48178413
21117677
14269127
43985746
33502844
26550409
43141060
30793028
9587952
17775809
9370434
16550893
49995366
37672779
36170155
17632292
39230903
28751709
39160233
26803316
24293172
14718368
9283288
34193732
33119289
6100829
3161928
7358430
10257009
42107193
10736212
45666323
28330677
40024334
4263274
25821299
25610038
39989397
31410298
35508264
16872117
37126363
770480
45653048
48366824
7687439
45748810
36035470
17906337
43014220
22828791
7486141
19696462
29176604
10613789
30448884
217791
48458779
48296954
17675741
33593767
11989126
34069942
7141111
41963187
20028292
42879176
34068681
40867301
13348700
10256871
25092935
10841374
36197115
35591434
38381
40194492
21753746
32789776
1307064
7507317
24359228
20636925
16069374
3887294
16164620
38074681
5285298
5748107
49117489
32614269
4644775
35749307
8439647
8616207
44275130
31895662
36896696
11081484
17787651
35411590
40707830
28396308
14213538
36191549
48984846
46296235
13499021
47845197
20918928
26775921
45076150
43612580
25059827
29400400
34733928
30298724
8120456
16636666
15079185
4296707
22688540
1411587
39480731
37173046
15442740
39489549
14778540
482571
4764267
47502403
42352604
3950953
15364025
4523161
2108089
22174682
4755158
34504435
15972222
18688294
44894340
32575617
14377190
36187378
8879299
48543370
38322055
38668911
31720417
16307270
31740678
27317333
12778195
6330099
6504918
44223585
28927357
23776509
28425882
27588608
31341496
48927454
3635368
45188731
43852657
43364391
6604713
4067649
27019458
48869588
22770214
7332922
16687046
12857394
12764705
35989529
30105947
9407476
28311999
12313675
18692850
31046446
16764228
5058996
29738002
36931708
6570545
3394927
43764704
36278244
990384
6258760
15863161
11160951
27273987
32590826
32303418
14344340
26913360
3934957
11048612
25432457
144646
26200762
17797477
30535096
19142753
28387553
46747466
49023383
37296982
44417433
48211565
32659967
10388241
12743832
19911727
14609661
3924749
38868133
49374488
36386106
4090795
21045664
3836298
3364997
39203496
31996737
33745719
35643273
10565133
3817125
34079795
5376191
12470504
4598390
39932132
4560778
45312749
15784268
27096920
8045456
38230271
16523234
38850602
39897507
2667019
41565991
5501815
28133709
44115568
39169586
37931738
35083356
21231222
17499691
13707604
44944551
48062820
21084524
16017945
17825090
26560740
8783094
45076369
43318826
20132465
30683823
21218294
4868288
625151
30755022
41685293
37781865
6709630
4916445
36080036
14304545
33949349
17797300
8889011
23421588
4616508
16393651
24798545
19125182
10586212
29406070
36454742
47213767
20301583
41049001
43887609
35496611
525001
44819542
37218731
20090969
44519265
6951574
9012126
17748009
7746288
7183064
49822742
37126212
10431934
18276981
18908345
40589444
14135118
48158140
23010308
13663186
46137153
42562990
17715661
33917429
32784819
16852463
3409058
6194047
42566110
28425690
18567697
2958614
237949
22384602
8779160
42755956
17579522
10843584
49743166
29651081
37022648
47356542
28701585
37641824
648924
7507731
5049531
46373543
10002865
36613946
2417809
24777667
39091557
37079333
9938407
28842500
8552726
2807089
20686869
24471350
2677301
24012173
14097999
45772722
16745659
44757145
6898365
23734973
37573148
27271526
41651890
10371900
15887175
10905310
11881785
27668611
1663386
12036692
49430006
22292591
27629604
44956708
49328878
16654223
17905030
10683588
47061984
7254176
25671942
2598766
31587474
14927276
13393107
30890429
23465181
20481014
15273676
14960148
1588095
44294079
12960722
26740601
22029288
18696736
4658749
18731763
23565019
43049112
34185638
26821964
45601690
35984830
22223093
1852242
7740455
17529857
11983485
38962719
17815148
2567399
7274773
40035221
29163082
23198671
48891833
21050530
29285899
40681989
34321022
7760859
25850029
38694170
12755972
17094140
2978731
47565777
29263326
113501
34891265
36134903
46094204
48280131
49791428
49461764
45005119
13222805
24442491
28943880
4695864
44576238
22159351
41819253
21066524
44519181
8363465
48301892
20154288
34032417
20755744
44754427
27406786
21889766
27004634
46788866
19841086
37205993
8542141
12874172
28215677
44622660
25444010
45454039
11678779
41306508
38192009
20196406
27251245
36771445
27244
20392704
19254455
14105123
28849307
38922121
40712370
43936552
21625781
31204831
29647759
29672843
45340578
14341260
34304308
31754989
49389538
11387798
44214727
5690534
19044585
34591400
44550478
42475943
41557891
22494105
6267110
15761766
45150555
20831899
15075381
13363385
9888759
1639162
3101352
16431106
31885862
41021903
4887421
30562463
27812667
42262841
38632622
13048329
48207380
46731544
25768360
33177092
26820251
16373520
9903347
44027309
46145561
372108
7152954
28531080
14686182
11803557
46701850
34759558
31175417
3370100
37406871
16723415
8144239
30632636
8948237
31181681
44800385
35643659
37508843
39960130
21293507
29700601
41114403
48269660
33875091
28638089
36767066
29924757
10680908
49905873
31854864
30203672
17394052
16591979
42792736
18610051
34983840
32520757
42060377
16055520
18427924
29519352
5199821
47885187
19174893
15736599
18234494
22538348
21455347
36249004
5407477
9286128
10122076
15519697
25705065
46570185
10254589
47406988
14358136
4310327
27841315
27353532
22205076
36414019
31267652
27902138
4178583
13880422
28195356
26137348
39196907
46675759
1310769
38633927
25526940
32009570
395681
23606135
20039557
26171562
28120044
36119372
49300459
36650320
40483597
14800103
32764527
14725138
18316380
29248459
32590884
1947824
26095767
22557273
44887350
45576442
27133234
48598991
11075966
31366023
8564958
41758959
35844432
1809689
26442253
39721253
37875706
44493162
1818789
5633620
43134200
28763718
9106640
30984060
12195630
3374546
17458796
25441231
21968267
14204283
30514357
21934252
22649280
25442731
18673487
28290738
16929657
5496636
31561759
1300792
36199801
3495407
23485443
15047296
43630433
4604902
43738516
2701679
2082389
16594903
13378870
1367681
41697132
10226208
16008482
8470548
31780146
44926624
7676547
37847359
14627354
31207904
46940301
17196225
24756138
11260140
40660772
40751691
48208139
7686172
10990139
20873470
7254386
38834877
1723251
20935098
38641066
45456008
25186425
26619030
47983826
13309688
5100039
39735016
46346350
42093526
16297348
6838482
46787832
20238873
45919848
40292943
8123869
37979092
2756104
23300452
35751930
28747963
44393947
24868592
4627610
33954455
43455894
22899638
849073
28189666
32896881
7082595
29093264
24306029
42653396
30852587
47466681
10267064
29225049
11820353
49244171
35013833
43651460
18124924
41333180
36116174
32446970
31197152
29230911
49058340
39760300
18011721
21629496
16474903
5815850
18718559
30252812
16365400
31186059
38241964
40958669
44841371
25433543
22575197
1926026
33172349
21811333
12203068
32718924
14235124
23811902
17337738
22839755
18767565
40007287
47055646
18540072
37298506
681231
34670269
12821581
5745390
16197132
48323394
27274931
32787906
37257246
16127868
46346010
31950069
43345811
47770937
32938464
30076486
1157177
6244706
19745817
14871084
27138902
46425052
16327935
20549140
44557604
39027536
24764545
31759975
37142943
35629569
23069170
28555079
36935947
22199030
23609606
47167798
30450331
18180895
20577122
16871417
15471148
8097081
48404574
12924115
21176066
8023184
49853906
35961223
46316094
12425197
12854099
14521329
49566921
32494019
18555577
48626078
39566509
35207786
40049950
18991723
6746194
13027012
19880765
15266138
24218320
12042120
20284836
949482
47514318
35845201
8494840
18408723
3054508
3659181
37135293
19604960
46802890
8474475
42806709
32942313
6884542
823119
38524799
19081691
31500697
32125968
29559362
22864390
12372438
3447835
16943539
32059865
7656260
4385125
26891023
33000555
4971572
38723236
42241388
46066950
3597646
10182229
10012482
37771527
20390058
5716395
16655815
7949151
37451649
27928967
40689290
40005397
41501355
15145609
35069251
25526739
30233515
29710505
19955032
39495255
28778285
20493723
38160079
41676440
4041989
40911639
49666554
6659454
13944412
41977605
14161663
17760102
44320584
5448400
10539925
16097081
11664431
37043574
5037520
10504728
179566
27415152
30232793
46262915
39849996
31535294
19546082
2190425
15534109
19334393
47443004
18972910
47176698
30469528
4776794
46129623
15664808
17753962
41946934
39580111
44371244
13275424
28530595
7702509
36544964
15086708
43462032
9998511
17826295
9545317
4792235
4002243
11134891
20643481
39932731
38198840
19368330
29471091
8345234
31453790
46216399
20407216
46958334
27011891
18270134
33586121
36237551
33138038
29377502
5398363
40133563
2675013
28992954
49293739
21630637
40514538
16801907
1735765
6128845
15362859
45251399
38600960
39401154
1392205
45116055
18086580
38671282
2699903
11756852
31574777
34827075
43722063
29677514
18666773
12179532
39280808
29251748
42599683
32999161
6123176
31541865
23351273
27403778
22367949
21545856
44971900
7019581
10792775
22132751
27625036
46551654
33250365
19341970
44465230
26873897
36916360
2462704
30522852
5909594
21106891
16938202
21694538
7779368
27123730
34533971
77248
44134843
36412841
31002709
27732577
3637576
12588453
34791880
24278603
41784253
33453307
41970472
29664868
3463609
13660564
17921842
36857508
8792150
19329310
29401475
46858768
32528460
8148768
1937397
42280081
40860687
16058982
47632721
10628580
20854090
36966182
917679
37060966
27379793
6255165
15079407
7614248
30967245
7883021
43467063
10332829
33445415
48090437
19586499
34149824
47339375
18349236
27883086
32380000
31690135
16356506
30654423
36994775
9706760
25742023
12791647
40223551
34107470
9160921
4684877
18538651
27846316
22808643
34073700
17929655
172153
18981004
48724458
20035745
39388725
38918001
44287876
32859209
9972071
29967290
36143532
32503602
23160877
22309669
37038552
36468976
25314140
30557661
21594114
12660248
46808329
16025970
38372692
25700740
15674112
27566652
2929122
21352453
49976318
31740900
47327043
25583991
25909308
44539405
43756256
10207617
33240944
2484346
8472245
33708190
39606340
22279789
6735356
29548451
6691540
35295981
30663926
1029961
48482386
9674108
27513201
43941632
10359008
5021640
31506982
17785379
22720461
41826232
46486620
26674656
43609801
5389871
22049665
45255367
35810789
25502000
21250772
42063782
48232311
32745603
36306972
2409149
41437005
4591640
15755166
42356500
45929279
19285680
15266347
6065256
29123334
6606408
42530098
47237315
6744928
29774765
11164553
46573631
20096830
1942619
3086403
21768417
3766099
19687580
24056069
25155161
28902903
9769025
16387814
35645970
27652326
37978791
45754850
12083415
11407411
11748707
5299478
40902303
25672115
41588060
45844387
16161815
33397885
39135014
9604469
15581904
30947248
42809057
17044132
30841256
17134687
44750925
630652
31222619
19302636
45473698
36681582
10601566
4956790
29643985
23190518
39431271
20075903
42878452
28474892
46326157
16783809
30657734
20275044
13369228
25816328
32427546
7157381
15918607
25592926
38381084
24089343
38574977
19855661
46927826
19812602
1472343
44173057
26562075
18420068
543447
37978855
46023226
49973881
3291305
40695252
33334805
19206166
15442985
40739444
23643861
14697147
42722704
12759543
41667302
16819281
45484004
48380686
44236926
45691413
9179101
42161018
6520562
42108002
43375186
2645606
20732136
29583145
2239057
38894541
24485424
49147834
8818899
6048750
19804529
21925751
27883942
11787007
13475112
8869095
36199043
24552285
35624901
33674878
18289002
11042391
17244972
32336262
19806609
22730797
7728910
31429189
5053256
9446045
15140747
45387318
48601362
45258637
26669835
37400618
24546750
6060125
26479452
934067
17747516
36008760
8293901
30520175
24735366
45152750
45120029
17593356
39229165
25570190
42852317
24929176
7270985
45287516
15691524
31640279
1679377
41577088
37675413
22012130
40941925
14855703
43463217
4242425
42641237
31156468
47048494
20279641
43569723
27400273
7829991
9380278
3043174
2497265
20425563
33059480
7792715
6522446
15757165
36074144
9104262
26081582
30443519
24898163
44995570
49871291
46740251
36251706
28127122
39415745
49812832
48761245
10369858
27842431
43951066
6645231
32839525
41315722
27388195
18773045
2195554
46323953
24865846
14580723
29754937
29843035
15845252
24339450
6667577
46015225
24651433
36538487
43273596
24070196
4063449
26718701
18514092
12737838
8198001
30515568
6152101
44477659
14234182
43064059
42915645
40073788
1433276
3394268
22381422
16345633
8450610
37888188
13771115
4604351
37192257
13902097
39351504
14492251
15636278
22049260
9902195
39995652
190292
18607601
9709847
8723626
36253247
16821120
11710305
7377034
44362829
1730078
8845167
997261
24041234
15967321
39517252
21727937
1059052
11693466
17808514
3516440
8506623
49775858
28250186
35305004
7626877
4265309
31960327
30083242
24296026
34442818
39840254
7318492
30333572
33812044
14867954
41279123
2910180
48804453
44218238
34994000
20242070
30738715
43173864
2090486
4081925
32143933
26952079
28606740
46043225
7245197
32901387
47808444
29766966
4931880
5421759
21616560
40822151
9954516
4407862
8468576
18456013
41897239
42485061
39283161
36799579
47791767
21822827
25562063
40090290
35605068
19790254
30448328
33926960
40629506
28870190
6655755
47095621
7678200
43937044
43682279
36999482
48374749
14429955
28861507
30303339
15333946
27770560
22745317
30433798
26758331
27916594
48963468
6381104
20974766
28639649
20973103
44634635
17105366
25118918
10243426
46091781
31827581
4505242
6121993
5728707
6256568
28982744
6480331
49968521
49579762
25007909
8731902
37337410
4025257
39357007
37687428
37693935
22122169
44963831
8202804
27568902
23729567
44650248
28382813
48389565
3452489
19302484
40292841
20968092
23598578
6952518
38783457
34051881
14276661
10383768
44072829
32359184
15048820
7262414
23495754
37330346
24666606
7709824
18694398
38527201
15177281
28797248
37645772
41723180
41176207
45296922
43130812
37362174
1761866
40868958
44146308
46538065
17948115
1943017
12107519
18338867
47157318
20735613
22805248
23556785
409754
12173922
9613446
38005167
44113653
26896184
4669800
9521048
49725593
42491456
2057365
6157755
35600092
14437325
25245981
28174483
30443655
22877144
10563559
24833844
20913631
48425487
21768969
38090560
40011902
5701372
3530520
10440792
10563601
41462420
3339506
45229276
5474845
18260514
29736810
44421955
28455151
32592207
40740183
29665085
27795402
18331918
14466590
34382980
7638165
23164160
28851017
7441688
19008350
45514434
45532443
39804567
32657373
35361951
44770510
20697677
3047909
14798743
26525679
40220019
3676357
515873
13718605
20227912
14175674
9209673
17147625
19424470
22019920
8052015
518747
33378966
28900770
11790680
8669507
25515291
35740998
47222581
15442470
33572039
37495305
44831955
23767758
4836906
26646997
49797552
2838858
29274203
1257725
30853587
5225273
21009145
38638545
28808782
38480203
27140362
47613671
42959182
28030969
19429038
7729156
27181260
1399661
21794825
11534215
41481686
30876582
46278948
24283525
5914298
29307233
7104356
16328694
29237758
39518485
26873734
35162533
5277918
26559455
20822175
22784352
14869451
22351858
11283197
5125735
34257955
42494990
7652200
35608288
34222305
13012659
23446179
23561906
48813587
43314946
9911299
15855736
6899097
9827707
17177738
13238688
11643324
40426313
10258919
43990467
5056874
11888077
42140930
33159634
31135365
37831649
38887447
30125523
45710095
37882404
43150453
42634150
41910949
21690139
42091849
21215724
10130581
29511985
4582615
31468763
29676082
42371540
20321937
18433039
39689510
3769649
23618444
34046804
4978852
20831120
30987015
30327428
2523781
3817828
24745563
19265415
5149332
43262836
6059697
41272516
39868023
34028747
25802184
31052055
38945249
37199543
49588153
2752989
30181119
38363232
43744073
12632538
21577297
40601256
31918925
33646192
10124117
4152275
30234096
6945895
23047720
47936907
5659234
33859712
43360857
11580234
2626785
16625801
47487690
29377462
29489099
35169647
35081028
40923350
10653279
24420780
25021674
18984668
25999087
27432051
22707436
45560056
40123443
3514192
42338083
43439929
22457939
4423271
22125174
6342188
37444279
45525269
25941886
19068782
16911152
48568945
44061271
40446568
10091385
22371549
5469507
39106988
44534256
9491099
23476077
20819301
44027088
46874198
44435140
26303857
8653801
39932542
47569047
5685398
20775690
37508627
25278522
43184103
22043690
8576096
44970752
47166183
49578330
45997386
35325661
6271524
43353993
44993545
28414322
34124086
24281874
1223432
24333519
20727653
12097241
14374228
22933271
32633091
12885255
15203048
9231856
10398196
5178463
19850273
6787443
34070481
36223404
49569561
35334941
2533193
44421321
22599876
41475391
8794554
40080532
25281244
10351729
10888228
12136369
46496085
41925625
11109147
48397773
29371767
2932151
27572256
24447721
45389949
48290579
15940383
29809672
40976367
19121191
30127047
15703673
35836883
16050328
20768040
31475106
13020207
24685390
45520402
38280199
29567993
30982820
18909382
25627027
33749498
35397229
28095854
10875541
13401489
40578279
9287770
16777433
3501729
43028798
32251894
24911624
37214601
6884682
47741313
34622094
8366985
19130257
5628766
10758380
18306716
30153304
34450521
9888402
29358288
6154795
14900720
30274688
23460259
1789808
27843262
3574011
26605577
33689129
25096132
15822800
25915171
5476450
25159965
15068543
1891636
21386581
6649357
47962993
43618125
22500956
9801205
9234154
2570485
19252152
31705915
46712602
9314221
47347733
31481449
30105137
41295324
352403
5316753
1275331
17174766
14472346
10034093
36829631
48803902
40861253
35418148
28404148
7461625
19334171
15947767
20209916
8177106
3204413
16001406
28174017
42879326
41796111
30676377
4214918
7439549
33542973
40046481
35973962
1102959
42409780
34586281
38590783
16236195
48220695
9635280
19546934
28805736
104982
41259174
23677085
16143994
38296595
27955380
12570425
44585205
44843145
5745457
35130455
24199710
4541884
35303253
36512724
34046187
34065977
37188510
1364614
26202908
31550233
2921547
42659146
25963167
25051901
17022182
1089999
23964166
4533847
23139305
16181688
49186841
44097531
42161613
6956766
39050872
49337565
22314948
8952968
2975319
23642390
36642364
22719523
43137285
11750034
45948271
31180316
46666784
32113685
42395077
12232471
9049805
4234607
48052972
30714358
2481942
19692599
13528544
2939791
13386195
2812262
21179278
20808842
34586809
26724365
36442175
31769322
16999601
2457580
43412759
12824736
19200579
23956133
3208076
44005389
22275090
18335258
8353378
24697350
29323312
26845008
49882537
29510227
25947293
22752364
12537093
33299636
46443932
33388231
24652236
34848014
17899324
5543966
48793603
28487692
5296703
28897558
40429958
12110231
36606169
19714332
21556136
6885231
5373335
22006334
44353540
19840063
20568590
29924902
40441254
48161544
28596167
11183343
46289334
29790189
23591920
30006365
2842408
48775690
23659856
41261986
29188365
18425100
42914060
3849236
5035929
45042390
42782744
27260309
24381399
34432621
45594476
10736529
2089813
9581769
40773529
45505775
29405282
2335321
8471155
4511956
15837383
43296149
24583889
24303516
25692925
38067145
2173344
40607228
10297062
45571085
30193794
24895008
24965397
29792263
5159695
38515240
9240564
35531453
24625596
26711614
21098051
43591285
18702555
16751156
7613409
1739016
49370306
12485475
33490275
34745299
25970285
37693219
7902808
17567537
17467752
47247179
29948883
14399579
41062384
19164741
46572254
32963889
13433743
8230060
9108581
4969550
30336073
11586774
47873445
29870908
5891538
45763499
21447174
44817971
23315318
47616458
4357989
36909685
36384506
19485884
20129753
10570000
47768702
47618021
46990920
42795326
11683051
24259331
34142022
15048602
8144498
13487566
9319871
15887098
33153253
1763893
24219357
37179751
38404888
24757211
31367076
37020401
8708801
41067161
5785825
4412282
20756150
26720065
48112601
48242528
32122673
35278840
27567995
27476620
38580922
4949328
8410539
21275368
43106615
4977132
30197279
31261538
45641343
34719444
23119997
8612391
36997349
42935845
39445652
12211341
8659257
29032523
33746619
3718695
8332313
34769247
10268696
20409454
11049951
10869420
21653398
47602475
15131056
23221217
34822643
19062161
5292200
16817839
13173600
42617961
36966343
18418099
8400038
41944542
20322217
41233585
35801106
6269876
33727114
43015940
11316965
39715594
38966529
10347804
11489081
44206816
41908090
48360848
40610186
22657268
37823768
2764504
1904114
5450775
3050891
43047233
38706464
17760759
43696595
14147112
38395479
27956667
41480556
42881975
2032454
33422770
42088266
36613087
19439537
43077670
20273194
32409880
16433480
45968959
27252410
19960451
30436833
4897138
46212076
4020697
10608601
29501427
27891905
32497545
31168187
13691754
22829938
40712283
9641444
20977058
48208519
21428962
49271313
23177427
26757420
8775569
24866533
34559733
37691777
7125885
21415506
16222755
31304446
8222308
17949722
30171879
16637556
9454140
6496922
3396065
19475799
25779860
41297283
28060549
16661138
10717264
21973847
38767922
48394111
20985945
12739552
10693290
33438036
34542601
31327434
33471199
20705803
33377956
1555337
6043094
26390038
33919805
30684230
16155027
14438099
39147562
23682390
3265394
3391711
18881506
33211789
40098807
43906649
45132095
31580551
19176251
36016708
548778
7214009
28919075
8988223
17748477
48822241
24546923
27061924
24557642
3036167
26882579
3433136
38270955
37702893
13063098
24328560
37126164
19367734
4934634
25927432
33840017
30222772
36900286
18771738
41825036
45660781
41006413
7973274
8634455
6488186
26434432
25044918
22755631
37435462
24535430
9681620
13358550
40430606
34166635
26936633
33559662
2701463
3040258
2611474
9196357
47888340
22349985
31792433
34851830
30667985
9995240
40685456
34595006
9380545
22009417
41142307
21376190
10905329
26370737
41372649
49614884
20081278
39844189
22573642
34045334
34206336
35724723
32873054
47562725
37777209
20118606
31869504
1116489
24720076
22229114
45218383
7355441
27953546
39171589
20647911
48675685
46173829
42228958
1788262
40057928
31849212
17819447
43995967
38820757
38764390
15270169
48412344
3446388
39159586
32242374
11442872
35180638
42213171
48397762
41589767
25514143
9917061
45682810
16253538
2118663
38424542
47011164
7374965
12803321
1270867
29597599
21051548
28103872
10162381
27713285
46338690
13682941
27539963
33676538
41035599
31648908
49381205
48815130
4179628
47363776
9266560
34808243
13914468
37640476
21813706
44441290
32102935
35264176
25288284
21055582
11622077
30847499
35777553
22973179
36659777
23775799
45356774
48380430
45684085
43171744
46527470
17741047
40941548
32492778
12902631
16543621
18723804
37452563
20031941
15090573
19972577
19394741
47305103
13910179
46321218
47310963
32816443
21276246
32199064
23407786
37613687
48430078
18351426
19313220
8178834
38485378
45407352
36452924
25480847
26476626
23161597
9829848
19491949
2823036
19302547
47925212
5303577
23244063
29687360
44021541
17209665
32150467
14360413
13560556
36143354
18195410
37716392
46719267
18228210
9212234
7330073
41317388
49720353
39381530
16057949
16271085
3406812
44951798
35637593
15144569
42811737
15625399
3522620
6724173
27736187
22165631
48141086
31702491
6747456
45714022
9225258
347722
36933537
10599248
27307098
43814895
31923664
32041029
43656914
13385265
19276690
21553201
19153901
43345477
3970335
6003609
43775028
38529439
15584035
35913463
49572415
48527607
2503044
11748400
28043788
11796982
2438727
26641856
33244652
12503163
19425801
2514314
621911
20024764
38115277
40452082
7200829
22484297
19096611
30490852
43037749
36460280
35186423
33145903
9006007
33837141
31408344
18309788
12939355
7559598
22191836
10904807
49064583
30797230
43505694
17264755
48224309
12495610
945176
49433592
22623217
19798744
38103154
45258296
12962836
11777266
41000464
42864164
27212000
28702681
34579901
22006787
5820875
26899465
44913002
6401188
12400458
9436305
32041404
21716542
16646160
458363
17501005
25741243
15805565
29979915
17917687
22120781
20263244
39088281
48511827
38445150
767441
17552536
43867950
24129134
46490915
15857999
4169095
44814369
7933937
31232131
20589427
10718416
27207050
46041623
33723579
47214915
20869378
46324605
7879639
42863193
19799640
24665455
41246817
14820943
14705473
8963651
32090246
10280111
30533103
40650454
25073540
27906928
47106446
36858505
31596739
36072203
44566625
14657357
16607125
45656975
39984433
5494225
35266156
29980751
35445100
47228947
24278973
5241386
37860724
7530206
4144514
36752120
33922664
13566513
38433360
36014655
10056425
11041903
22019603
34919531
29651419
7800737
45653842
13784262
48111552
39134380
32804691
6102992
34250712
29895839
3733657
30429328
8854636
34443481
27878673
30655228
37843441
3874651
37500247
31029684
45148678
20680911
48538506
1460992
26571670
17076336
202366
14623111
38809814
4900930
3039349
28433852
23120942
47002035
4278857
36316869
4043688
4631798
31680164
2129693
19266333
27438597
12078344
9088479
43052015
48941791
43344329
28210014
25129648
25667774
30100819
25333353
25209147
5385487
45817260
44412147
36191830
8924796
43857932
23338444
7961339
11977164
36054808
26377720
35490024
8546120
48845734
14944489
233090
1525743
20022803
31071667
45197812
48257581
36537110
28462752
35697462
25452814
15412496
16610253
30912041
23230388
10410021
18498542
12648710
48655535
7572877
2162069
44305118
28134762
41266799
1049973
16150843
13829905
4515818
6771065
39858919
2253267
29960154
40116667
45098744
47196744
3266614
16423832
49696872
2968678
26995572
29458297
15726244
36222669
14580691
3787897
9404341
33815879
19412143
15714315
49091309
38662112
21401266
38753680
40125577
45132853
21519473
15898362
20251070
9614046
44306107
34980568
14833929
27753557
20166279
18465269
4090799
37360722
39706110
49339251
11752991
42009690
45550151
28668947
37302508
33260550
3146340
23113289
43172212
45053036
25578856
35196122
21389909
46728468
27939075
27397811
10013826
20125178
25263817
12339911
36099756
31777312
16171103
15122618
20182081
47484677
9687283
31073094
3867078
37741084
27694319
27951371
37398883
35567150
8998814
26066363
16297961
17112470
13645699
22163576
43399697
5306328
30184684
24902591
6205155
35945894
48626058
12783007
3458566
18016154
25311316
45209359
40598814
40461415
2653993
4884475
12627426
39432075
48607303
45060283
37503822
14563734
32171602
14018311
22344858
20346605
1029029
14214180
12752276
49759560
7872958
32139837
16280154
46682691
40560702
47229112
13724646
26617528
16061230
37049416
21583219
18995783
25545779
31289540
35812655
43534954
24109502
20697871
17553105
24135343
34414537
33371716
31273005
6617488
48480356
31506970
21490493
13631657
24877588
20999843
27778385
3067913
37750397
14849455
49744607
9792709
1088501
17500256
37132112
39193719
38865625
48319185
28023192
19810021
10228158
13166209
22136886
15436290
25490617
38237928
16490664
33507557
36952996
43929998
45959280
22653557
17268908
32790808
48557153
43063387
49633321
32923314
30925712
11289970
49175514
23634144
11359231
9392459
48339424
36678105
32770355
12351238
36382190
43071105
3941443
35161316
2269875
4988231
44843188
3255747
428413
27675175
9226902
42325673
15531234
4561253
47457348
10135430
613475
14678030
33939163
30602292
25045076
4056740
41462222
42797243
44745154
41373915
32427283
44243825
32739355
1055743
443749
35716177
37020174
27604462
795307
1122474
35528618
48465535
18437540
35952777
19239344
1150422
33703149
46832531
45233587
28895280
12030396
7181752
6463517
35190910
9992343
16171146
12880344
41592790
35329865
16939500
23786141
17939861
26635270
5302893
25035069
27248040
30802819
37916656
16321407
46790739
15157025
20130959
45905258
5410111
43871463
43613680
2126313
6274714
27197768
25451979
25311423
37091167
31944163
3765811
42731442
634192
47167141
11501359
5548973
33544930
29119185
43278994
22231196
37973997
6399626
35444164
2855602
15419370
14187960
46458643
38036242
31910286
18192883
3124722
4989415
45931237
18815516
36442175
37816508
44164965
2208003
12036278
21104712
1050798
13902147
39395328
9676533
47829254
26729195
5163189
20084134
10901853
37846596
16137817
38030321
26115859
45435049
36276532
22262014
25759485
49643460
9391927
46258849
48597796
5263195
33607641
23210240
3603508
6555584
29332498
15578922
5101500
22856794
40612188
41195800
39970622
26622292
21902768
1988146
42555272
18342668
30235913
32923842
15310110
23878087
37113735
25194481
28980827
12464657
45613551
39317415
44336943
25506250
5750836
41514611
19822583
16538966
47855905
4932952
5505479
17983300
10349595
25501369
47759847
42540370
10353348
49637428
26147090
21251918
24206184
7150513
6141834
348647
20687480
29845720
24153656
18103721
6860636
8892396
5858420
12575651
28922547
30121391
37378634
37227973
34389325
27383383
6931873
1762408
6014220
23750787
37193063
6245438
40058930
40134041
21772152
25852881
828166
19585546
27770325
26024789
5684090
48643448
37549863
16290176
38383616
34970735
11380519
45990779
25550495
11375071
9317400
18046848
20208579
18012477
33092989
9793522
4245788
11221100
29170632
18519489
28259701
20116035
32496215
5162107
24234684
16891285
16548381
48378745
41945302
33272740
39849674
41383944
13123021
30726576
7178796
9092550
20445254
454152
26554441
22294721
41620395
25493985
22115172
29542862
22463769
28898167
43690345
39889035
9135160
20161872
21519476
40480824
46660278
13478917
32145801
21084485
11921037
26725407
21416968
19558756
49316585
46637828
42473367
32950944
38646606
16268821
21869857
25236646
18810626
26369432
24495780
7642884
37839369
13408356
39743685
36616550
12074712
45748962
36916531
1806311
48802464
30978944
47537710
14069267
29424215
19550908
46495390
4641161
27457029
45162767
33507673
9340154
42502464
20322756
16241767
16957182
44202125
10344379
47998703
28395638
25299427
4963718
30136359
40126663
32160898
39073736
26897576
35860791
33998200
46419798
28071686
36483414
2467270
24127617
47085881
36031152
39850583
42827561
5703043
7339659
16658500
44130901
44606853
23824240
11162789
43419426
41116120
2972702
37797075
43287313
45464371
43402230
26817894
22253079
28887384
7109820
707851
6617376
17363640
14898242
34270904
34815930
37446306
38957925
46148379
38603396
14833190
29915694
25106741
26248571
31075647
45604198
39499605
46334465
33585692
10116323
23150371
1648373
32398221
7016190
19826122
27915640
5761620
7789283
48999587
9507662
23375942
20930608
23022817
30556857
13882633
34971426
32408617
23374039
31954728
6551372
29404820
48452195
46758993
30363219
21401654
4507995
20150383
2998630
47699572
7723243
1515663
23023573
43484527
7339207
45442053
11029618
49693410
16368722
34627766
11707360
37038074
10746527
22212341
37570829
28613166
31007931
15559564
27182275
42262501
12378351
12508216
42981811
44111189
29000054
26547086
1959062
49485297
41212020
13242220
30170470
39742083
28826805
26094329
298639
47294008
14414724
13809964
18679407
47228518
4198584
38745164
6828466
36030013
12546664
24547956
21876479
13225432
30705691
7647390
17606240
45010012
32848715
35414357
42889853
21032195
40062036
26081141
41024215
26343184
39393221
7665986
23348829
23621310
30726505
41430510
11578127
45203785
47378078
19961186
41237359
39605530
5687610
45104546
8989084
21017541
7909563
16010346
20493707
7848310
12283911
25052148
46535740
9486413
34280878
26069330
28067553
40025461
9252119
38574582
25750341
28389654
12465721
32659887
42647795
36062914
46535497
43302673
11625592
37239554
11198157
32859322
19383375
9415143
12555975
21111109
30266164
41567902
3597792
24094712
643135
32521556
9162691
13094853
25766059
37687137
33919373
43826771
33216866
27456543
45949217
32999167
27892488
47656849
29786388
32796071
11224193
5547933
37943206
2071028
14799486
19601824
2194132
18445069
15088988
36078305
19372338
11288315
30690320
37960161
49829558
33239917
36891501
34279611
7597463
38434191
7664280
17977722
36447240
24619678
36375917
2792436
48249949
29619611
36665149
14666102
28531650
6873052
49391367
43867167
16611568
19978910
2162947
30181028
17637233
23392606
5837332
29465484
7877644
15901182
14084687
49500371
39454906
46246974
23530439
47697892
40953978
42464520
28733807
11138839
41349209
9343902
13866012
13887692
3983438
38257043
23542830
35720761
18863298
40054443
36156147
11299615
21720028
47248250
19638384
19416827
38435636
17941091
34521807
45587007
6390454
9099219
27621756
3978610
18610869
44016456
8515322
47071939
8904734
16755558
9814233
47740902
21615546
16613119
45381334
26353703
32847021
9540978
38750373
42439780
18033304
42131807
27798177
25177390
30332653
5067813
42522041
6247487
27034859
34602236
18671411
46620772
24767949
30514110
32752112
21964013
39054377
165967
49172279
6250632
49052013
30766010
42603429
44569939
46794273
24039922
4250052
35864620
26690262
14618321
28832862
14217113
33199760
18021204
21667115
19031611
22666366
36729390
38784472
8764033
37993155
32570477
23067977
45805286
3248692
3083179
6682349
42022198
30842012
1092625
8337417
10602096
29614200
30636415
45362
28709127
13577346
46210620
8852539
43620575
20257853
10668798
18389136
6263942
43928656
24188411
16803342
5531150
24954014
44594433
43547696
11108202
3475387
26598034
41983594
20502380
48720256
46938717
15713129
28805202
43988871
6120275
47224378
6387670
72902
14322454
31997958
5230381
8905334
39841158
15179413
34859315
45632870
29867934
623238
541071
46680733
23056872
8092913
28341010
46575634
8870126
32057922
4753209
15364366
25707389
5994909
49040702
6873773
6925739
21028663
24666649
20082687
9202593
25683976
8935294
43055448
45441902
9586709
4591027
35601809
37801835
568732
40957832
43622120
11013677
29534574
23567810
48481594
14297911
42149739
10158547
27629385
41344163
46074677
29687880
14579045
5817537
6742101
9396124
8264943
39565637
48990086
25771947
23591159
28815792
21105985
9383847
16628664
18586986
43259756
5653837
16654209
37137821
40332366
40265848
48397548
40774884
19120713
46337067
1800157
44184838
20243346
13787230
34745557
40730174
34193482
12659855
26289967
19833493
43363721
3662074
16061909
33211354
25896344
7566101
16178724
33526418
42820982
39857954
4765536
35452708
809805
24232892
21238122
8857223
25960277
38143364
28243675
24522417
36665347
45831467
11594421
31609258
4898401
1120008
39417299
4532036
925663
17594958
14478265
2672737
4057998
26707653
33998064
19225872
42182667
47823729
33624828
27879171
28425654
47097716
26996382
5531638
42985731
36008257
36081442
41342220
10246213
18620546
5610106
20797501
5303049
34313079
13636354
10427184
35996537
21927843
26221549
39355133
42566768
43609994
45704875
43161374
4436910
20815124
46887346
29359193
48986679
16014686
3886004
16406760
5785644
29157702
7783729
30425271
41090544
40858053
3692910
20756106
44699845
49774210
44161148
49704731
11787399
8015686
849933
47506407
9208129
47076844
761728
10994623
33313709
23266989
35098297
34710239
48369757
17397771
11204696
24955737
8518170
18036481
49186493
7922654
1970066
22482211
28811486
18252310
35155263
4286378
17646254
47803205
38698440
42113017
5172084
33295901
30547807
34277993
24167507
3720457
33528261
38043086
11199222
24675111
10556896
17120552
6905833
38514604
45239458
48504837
7739909
15327963
49712903
34146662
172371
2955335
824640
16411572
3085770
31659587
24426051
25701319
10072013
12009866
2373211
37102129
47917126
49705244
44003505
28143399
15066969
21595769
16660662
27934509
48337706
21470485
18203815
5226914
38355131
25018734
8012862
33691399
45186125
3534770
12035597
14977697
34613017
3082217
26905613
4625576
31211943
18945295
20850576
21964795
5797236
37117337
30651719
534804
24757761
13466815
19568617
37836431
20395010
49632106
41789867
16279538
31133595
24714426
39707708
33108876
13114578
49154784
36678971
16450188
10104340
428014
27517059
1604592
15636215
36342485
23248102
42677336
46537368
643899
22482637
98117
44110916
25251378
49531890
48802577
20636691
6975902
13770363
35555250
15983158
28173366
33019500
4019492
9554524
47758191
18778758
6242914
2946098
15533863
34880452
27719774
47033041
24997515
30766599
5697706
38974859
6414066
33918685
8959964
42762822
26464469
5021790
39721454
38105806
4179734
29191208
44455861
8771686
15889484
19574048
17514807
21139892
26370609
47024901
49348697
21894374
21344494
30384067
18250651
15677386
5012190
13603816
9134313
39239094
7313045
10429427
7090573
11031020
30169915
31276431
21074419
27280597
8102507
35965289
24044265
13934233
30327643
20690182
31094665
17784382
8047264
6068045
10577390
46040363
20415523
47291940
46766691
40486946
2706489
14429802
21997862
9953843
6121196
47724967
16657682
23873494
26591517
34457697
3285022
45445009
20054862
17459499
11668068
2085885
27138304
30346708
37309427
36917990
16767328
6356907
31007199
6838888
9381354
8150592
802417
4138550
14917506
8772153
13296484
26882592
24980588
46055826
42298554
43264081
5639792
39079090
39333765
17369161
5032306
1462987
4326647
13270802
43351448
29758174
8643056
6172583
22249938
8222694
2865303
30936847
3398240
11273566
38512718
29068634
48615733
26507915
33294480
1978525
25684539
45849644
28632939
11596897
23752731
14409355
12559500
18453716
18780723
29931322
9974487
2325286
41211996
41552236
41404638
16494339
43438120
19804174
33480051
27648330
36956092
32147223
4092238
5886895
18775450
25703722
9209755
28134374
13385388
43127682
35286786
16720024
42329212
36484184
1310636
25669013
47873497
24099607
32191079
36541973
32526291
23087740
37960205
33715042
21582509
26063828
18148633
12067241
1749058
21399513
40071802
14698198
1966523
18853074
3931992
31654205
35529601
23986917
39190834
15620403
10712241
6719903
16633407
44081427
16183492
17886326
35815302
49463270
3751968
14724464
38634045
26066596
23810537
11657619
11817897
15874679
39763313
21340913
49533396
46816928
24077530
39699089
1892912
47207925
47013841
23600991
38094440
37822993
9536325
37789599
12632149
33032778
36381368
20740202
11781417
32912633
2547705
6057072
3769371
15611091
40376908
14684021
1337346
35329363
32077300
45870
22262293
41213888
13520047
8757007
22867954
48112872
11909132
21715679
3996735
1470551
9912787
39366677
47291372
9506151
7443756
35319053
24487345
4867515
25071254
47280747
44435435
26547970
39326914
6780156
22586233
20251118
21649536
9157118
10569908
49147314
29317742
42900416
32695441
43565752
21292530
11690545
47458244
37713660
46544052
41185314
23946159
14981197
44663076
39523777
11767650
25392929
20590560
49257570
46204350
19764721
8546206
11925803
48911019
120657
47110991
38442294
26279928
38083125
2173171
12219301
40425621
21355177
41029096
14824031
42925970
37953436
6986721
33298417
9438418
22224338
5221517
15971638
23274035
21442537
11266735
42693773
5954303
47577892
44964589
42889457
48941553
22531767
29972829
764749
17798107
14071676
16746405
46518261
4549632
23520394
17224024
7250081
48346139
85979
3231123
25899802
29408457
49162915
28162453
11162785
27784357
33090174
25414972
23570726
36643050
25189151
6806757
32177980
38792649
43685829
46114556
15138602
10915695
30285388
4946555
2242296
19790984
1347413
21388731
17523985
7027981
4979506
22938362
11415568
25196554
10798119
49122689
5033329
36711654
6248151
22679481
39864716
41181002
32395919
47278508
2079920
28945620
43864716
11072776
40756397
29138696
10543058
3594067
6795298
22219383
13794260
12749629
27466308
46788080
37185857
48455158
48987728
36247206
17801619
44331976
18892695
19958221
15941597
6436810
3330980
26367223
38370824
36887236
32946983
10307248
3657760
24214821
256060
28696152
5880641
19766880
44427427
41949145
40279784
32234295
13399951
6508682
1727095
13888381
11464356
42828252
19583137
5498640
31780790
7751674
20693248
26673584
31604549
32822733
44361649
17784146
6116094
43074925
36515681
26006506
12407170
24898767
25598355
24790128
12521371
29915474
2994193
17669495
29510482
31209513
17676531
15182864
18022892
37865949
4136550
10142209
46739376
44793052
6489605
5751722
44838197
23071451
36336029
27782175
39575873
15268124
37151597
4092551
25978252
35069904
28093924
35937765
46108350
31864927
38434207
15813670
31961422
20055627
5298585
26494874
47936246
2330591
33695461
38333922
34683030
38351738
45468598
41625826
9895046
8071981
30134548
11601713
11218240
14219709
12933630
8468201
2863933
28412210
5259224
45843776
29218748
13550575
42092440
9923943
39932974
17306462
21458026
48795058
4497098
5840314
26044895
37336971
26666044
37047731
21886001
18535525
34875685
30746409
829722
47003863
41812711
39431565
35068544
28158467
7551013
27812760
10042328
9945518
38023476
39455593
39102799
6724578
7089034
37761069
6777355
19199368
35945756
23076671
27574365
17725911
25705614
43942058
32587045
38387831
40866760
31745623
2514280
11556130
18482732
27043126
9653791
41489687
40846165
45688579
46550820
26958968
2602653
26561203
22246192
46339595
15943678
3307863
31891354
18024392
24994074
1357808
22673810
20337675
20867456
18813747
32992008
46720041
45959643
6591259
15297965
9018461
20164903
49910450
29736651
21533110
18080470
48908902
27969146
40599464
43322452
5991941
12612152
29643101
14186178
27324742
49723965
32511584
34661825
25092691
3771910
34579166
10668462
4403482
20879119
47618398
34010457
27070720
9103307
35184254
38162954
1942680
11659318
12936137
13470547
3867319
16743010
2219362
30631753
3392977
24184364
47287185
13362032
18386320
24719681
31153175
33898459
26638347
42641632
8312968
45712839
2051063
16236192
24995823
32801924
39865592
29937496
11917441
31848680
39384868
36999381
23471991
23102161
10973214
17358375
46227979
6066101
19130684
1842173
25941985
3332027
10932532
38403590
14382678
14854621
43444931
15107015
45479360
13873483
18057895
43727287
27481564
34445722
1345692
45781651
597135
31816126
8879450
43444371
11623301
40341955
567993
15016954
16937637
40825268
20499055
47831206
47604895
43133574
18480344
28441194
25264841
23401480
30802837
16911349
14643763
31319575
20276615
45445866
34939419
41849498
26652457
39224271
6866051
493089
34327106
44449923
25114136
37678751
43442396
39847402
40872662
18970126
20030382
45930190
7254774
32328920
4284034
22567615
18554478
42989587
21819581
18581435
17525274
44031443
47720697
43719176
20051534
12640633
10061586
34714986
16126401
3810085
40267555
27118588
44327441
21447037
45684747
9390512
48404498
1708276
43983189
33378127
19837693
17409804
28089469
27152174
26056690
49441256
2370220
39126060
47517705
38389119
12744992
23029552
48757938
47873404
14922543
46058030
35878756
42836501
31926050
45088332
24058337
34045325
20145735
11407613
44131776
37463394
12155823
19715516
6550032
31593571
8586187
49722227
17357833
48666453
37515981
12285511
45614726
22523915
43918367
5992811
14915182
23842667
14987285
49943084
20608145
28217438
22234318
24943187
17485836
39296986
19733438
31122450
7904182
31577176
3602201
42573646
39163031
38944155
41651433
4779209
31690128
13055615
33586470
8040713
45680855
25613389
35556862
20022317
27723160
3628039
10118572
9218428
13441678
22996188
27460401
38212029
30707101
9611612
21232136
48027699
12103539
5423167
32720998
22322386
42347894
11866477
21032864
42580507
3893228
316319
30336780
18356146
14051414
11314942
38673425
10632402
32854964
5908356
8684288
41237039
29105882
42512631
28817200
27071280
28791412
32037792
25723931
313342
2531705
35821546
13382465
49033702
25038413
944701
21623359
35637076
12789388
1202332
45415801
276747
42056249
49231282
16698239
15184436
46541659
23108924
20944159
8652401
6892634
25739638
33778341
39505023
20543038
11208537
4381339
3068108
20012016
19517124
30596698
48843974
34915966
40021709
35172941
22671735
29102782
46089037
8978458
23000413
32895336
24108920
12645059
11065146
27071157
1283441
15328893
15053953
48799475
8805072
14172738
49263050
1470576
39573618
33865386
11340376
8265262
24601537
47721792
43657027
2507419
25178739
42971222
17165722
35885355
41817869
3260617
39857571
3218568
44424051
7255372
43860182
1324849
3237001
46288324
7770525
27969336
29817429
25518400
8294326
36727501
16960981
31836201
47101580
10276187
13790532
46653549
46019236
42299480
624419
20207585
28244207
44403560
6776644
44458481
34917363
18117861
41795253
40643434
47024951
9204890
28106922
7040677
34331875
48235586
41453010
7901035
18972132
7651254
7131238
33402705
13330953
40869421
13404956
17649224
35107742
13534060
24019729
47206843
27498277
19820685
10762492
2644474
36784971
33309802
13938109
46184584
32256813
22186435
15737384
183746
855599
45072538
5972881
7410895
38530741
44897303
33158762
10008919
6045347
34339966
5036402
48557534
48558382
6797490
17172630
43240712
15512906
30652058
19865714
17725132
31157128
3360827
6698064
11724041
2647078
19499635
24173598
45417035
20985420
28588056
49562595
7777990
6375241
3079566
649100
9287495
44517004
43432766
11442887
22056056
23993259
29374525
41728765
18005940
49195359
6237859
25006251
22999734
12272161
7639138
26895725
26860339
30637794
18242411
25884930
46298570
32094481
28302482
43543352
11192333
7587099
8892703
46719171
48748626
3935694
10696846
6960070
27919149
39644583
32391762
38181149
45526194
29404610
12164192
41025204
25484645
24065167
41027571
1933826
45933612
48806844
8768132
32418928
32757367
7579107
27600821
29574065
3085152
4250412
17556544
43954534
21088153
829481
47282771
45495041
35219935
49903751
38698261
48571622
37917330
15031375
44952495
22702973
34836191
35104861
46187116
47015142
41489320
6391593
29047933
44406827
48764790
16681721
32341755
23202857
44540869
45385429
43043926
25828634
9976033
37469849
41131965
3661872
781475
43177758
10531219
33928067
31493449
33274920
11100068
5024123
32993938
21517373
16165978
22205978
18666811
3378981
34019453
14945583
36943134
43172296
25409940
27063462
15770585
5290233
30809318
29809012
38455725
30071389
5906914
33450827
30002235
21210532
7966283
33378162
43847122
1192468
6888278
27074379
27671573
2404642
37388431
36849398
11391
6099898
40547397
41544828
42784461
20441224
34113970
37737502
13881554
43929194
45061884
30615597
22874340
24383502
3642349
14959783
30498295
22278307
37591088
41591255
40262042
31751465
48094110
44101746
24380286
48044143
30368941
7651980
6538889
44218720
14881198
147436
22908090
23832975
42524283
19594687
36754894
35029828
25091359
47116870
7135166
3072118
11016282
33045892
9425387
48107401
49829064
48423013
27461671
7178067
17065068
40993570
13148069
12585826
8103115
26366839
14467968
30671840
12789526
48102824
22678338
7232038
27814636
3120588
42496050
45106672
39514446
8269101
30232853
30694782
44188282
39548340
33836128
9035271
33475825
291095
35592150
49406482
3259587
37126392
29045414
39266788
32409017
34113645
11891856
46427102
38826129
11653474
49022668
8615557
6949390
25998350
44125543
40301963
40678762
21598571
33830259
25814274
28096117
40868876
46473932
16659025
18360710
26700605
23008866
19741654
30389962
8950434
9273105
27698881
40434733
46977165
34379512
20059722
47076488
36762638
21066198
47773081
49447064
37150231
42451947
14585614
13481440
14073582
41887179
47941536
19500461
46077706
23172261
45122238
8903450
47673900
43626560
11932810
33815718
36405988
46594489
42740123
21634651
47670966
7744717
23638280
37733988
32237081
39111468
38294882
44772166
47655592
28016471
45247716
35829612
19188303
28345871
857016
35079817
7145114
1695986
25559776
9752712
3561133
44979998
3798684
13415226
17916610
10800193
19234445
45861550
16814866
9826644
4162954
46345037
19806550
13690270
36317446
2168046
24070772
30373105
6877318
41346365
45333785
49626502
37707464
15053015
49822477
43427452
37666231
26097744
15944764
34287417
46716394
19303105
46502154
44593410
3152768
25607578
26008354
27955288
45979557
20981855
37052456
3610606
870084
49906848
16867219
13628954
41645192
29733513
15136305
42532827
47286858
47616791
43461875
24678690
39485873
36682722
49556544
40492616
13184818
48648191
12985413
19741934
30119461
11906852
45812462
4997531
12547787
11663195
49330351
34483680
8009700
25313346
2726919
28756674
18730907
37352703
17732821
8728619
10799754
39190642
17113846
378840
22183695
31294968
47626444
10388836
2680369
10314861
21651336
40055963
3412852
41967648
41312800
44418702
20210159
32920318
38431704
36920626
24030719
4890949
47491707
21331158
35258668
14761402
12339248
34937298
4575247
33899397
10695174
27912675
36445494
36039874
27072863
6170363
23448037
14844353
14317933
44515625
22272327
22217501
24212734
19701443
14659616
41492110
35601180
31867128
37670534
43573795
590808
7698861
44891702
23220158
29908224
16129474
43101633
41184785
41683444
16362965
2676118
45805248
21537720
25593484
7608404
25895697
17219502
36254714
48585182
18980334
1657975
34686414
25163010
34514698
34140669
29900819
32668913
2942837
19893348
43723319
12919289
21495827
34486891
5526111
6439529
11233677
36102881
35782839
491949
42072768
4393741
14145307
44985430
42246003
14305942
45996765
28468216
6974412
13796213
36088076
47160277
49752838
29208313
43389986
4839926
46039604
10318297
1594035
30818085
48108218
22261044
2542509
5873430
4915594
3641870
11944853
16905261
37452399
4727290
38585068
15277041
17357572
27355774
26040429
30274532
42293166
27142049
29059820
21233531
1133535
26139029
45184315
7939367
35892129
395872
43045153
48337555
41496725
4243804
39299490
3054586
47035398
4871397
24004851
33744818
7122637
19450606
46028539
20223305
40705946
5805269
18892317
29371951
25596233
26515603
44340383
2068240
31808776
10490692
35800417
14754941
9152406
26239068
36622951
19795671
42550086
9668747
20002235
45452100
48944145
43482560
25040366
748279
37146381
37250102
9487441
8270173
2803350
337548
38434496
40040833
26446377
36047665
36743812
5712768
20447479
14096412
49756559
48716832
23075495
14209427
27692776
43347731
34396831
9560003
10801466
12347544
14816831
41398448
16961215
13041013
7692190
12170730
45028567
38070366
3649939
36832776
30954985
43263376
36887369
4908651
19505372
45076036
4520640
16823363
6590253
13248472
48693472
38963116
32694796
22203032
23967151
8604374
45049884
43988049
15739235
6713912
19135231
41575002
4684796
12985471
21326255
32605597
30242341
22034934
41362042
44253080
20513536
46537189
39202982
10227054
37953554
38041459
24460742
21228760
28743224
11317208
324264
21019490
16520535
14866340
47794876
49648227
43005948
29267792
18567671
24124699
9013113
45605855
49188973
22250814
32209167
31061230
29887469
24074743
20499867
32680098
37022071
7303636
11795737
43322236
40710095
5501163
18831818
9395354
36146046
13182325
17665380
49227347
42051683
5131305
48816692
5060007
1250259
34036162
42387738
2093411
39050011
38849376
27188115
39596668
14278129
2459965
37016848
17489667
36471610
36217120
31682361
43883034
9974592
24549674
26340120
14985857
39567438
49206021
19528625
8984621
31185567
33629808
34253171
6076979
26627803
24418606
33699877
710797
44471602
16031021
41207258
45913313
11129574
34503130
9420119
29945349
10685237
12022231
38007593
37971038
44252479
9811254
49386744
49123990
32447366
24078363
2712530
14684704
32725112
15552475
4218543
17740707
24792377
15704729
2872827
44868022
13876375
34754691
24243170
26044489
31519305
30510607
3116367
2677960
43521761
21748046
6927315
47226942
34988745
42517962
18353961
49788719
17670844
38831300
36530716
38262802
11666865
25277197
43867409
25401949
24514653
39438460
43844675
5223586
34672662
16883680
25254998
14958517
34653125
27235611
23682586
23154729
32672728
32353862
40547914
442765
33677711
9326007
29521104
11113620
15434421
5173305
34530282
43183012
18844809
14194674
10082465
12543029
10560075
24308372
40400898
48137371
7941008
44366319
15458282
27824255
22161010
48335541
7606033
32314037
45313881
32132708
32146568
14140104
39647308
10821055
43436833
27574981
1506330
16352439
2895369
8582226
38486030
39751780
10813195
9041179
42247744
34402879
2630056
38404344
9855952
3752193
11162982
17331513
12082116
34671171
27209714
40222204
37822873
42790137
1249571
48288003
48853531
44408961
19022319
5754486
14535340
30145529
40703265
31636023
32324221
11446545
14721258
27566098
40321605
9577251
39100722
12206040
41823033
44268280
34279539
17751685
11255614
48599355
46009246
22996281
30431868
40032678
39634228
4619970
15422544
25381336
25867911
8872679
7286019
1111501
13579383
35078566
33846996
45927149
28171968
10036883
40635158
6462490
11906603
31935042
41255053
40252824
2619701
35663662
33777853
7886394
6253874
32362643
44251091
8746222
40498500
36190871
80546
45537349
43569206
28957263
35033797
28231628
24855611
2915095
46818018
35555386
28786769
15400563
32354758
25584350
23522854
39530349
49754113
46755257
38662815
6557672
28554112
8984745
17080417
32020408
15603677
5624904
19009706
40150721
36489173
27423818
17301001
12684987
367050
47590174
49905218
477419
38788062
35067110
7907345
34880629
482786
25167831
43925848
13785417
46155246
21199807
27437130
24311516
7152680
10387016
28593182
43726522
39283530
17021006
17535742
35977392
28424736
37894380
24537961
41062619
18492556
45674677
26672698
13669652
27731274
37051137
37417399
32377865
11993671
24844573
37520153
37239472
32464596
17030731
20579142
38765514
23109362
47344943
26718037
49377525
9265623
44243725
7991712
15419693
29970476
46929998
10857888
6729586
14392044
34114359
26881189
22712181
36948546
41206546
46778732
45940344
47431871
3493206
10786947
26112307
42672959
355050
6112853
9752828
31653149
40281791
29217687
5915023
4300368
17655807
14882751
24886326
5371377
40871237
2533719
48620019
25791683
26886823
41202535
44035176
34964092
19224626
47755060
40095707
3856280
11762248
42969224
33176502
29458917
718764
13536345
44082755
34772680
19193574
13069218
2255487
40232766
34262288
34615668
46872170
15547177
41284703
11373806
45233012
2420023
24141744
16056242
43957591
19280
10565941
5827924
18517811
26805543
23697998
44940261
26517607
27209355
39331176
13442604
34745126
1031231
49454237
47219270
4604822
6050930
36882540
19092056
48730345
37521498
39119934
23360278
23318660
18556129
15186436
40692361
13054366
30518362
27109061
38581339
312155
17522630
11746387
27322344
33973065
7144744
37489074
4857742
33767113
19746907
22814726
7852342
34446088
17293512
36098087
38580477
16786713
46586429
29713702
25305431
37793607
32455854
16325793
22794249
30792798
45741046
30918427
39381262
1835476
32344472
7802635
17301993
4533491
25680768
42524325
14789609
45426862
47055133
15430352
21188330
27677440
23695891
34662013
35946993
652514
47031138
17673100
16660288
19279679
6241759
26771783
45211103
22950755
5102209
37215323
11977977
31981097
21063647
23725530
14667726
38501204
18057372
12266458
45842557
12761926
33487280
49466767
13399396
15761281
49353811
16244139
17811055
13876681
15381859
13607435
16756778
41513337
23892594
10468687
7159799
8044911
5267213
45352985
44521638
33062181
41193233
444509
36337703
2836232
32366075
24910579
41652291
21167272
33040405
38555344
18437023
32937391
12272324
34301599
18808376
26701243
14904396
38699347
8606442
3633824
35281510
28398853
32099518
36290324
2185244
33720542
23306169
26421897
46059408
11730655
30681908
8077773
46858401
34776160
30874816
21182999
46252139
564965
793227
45238292
14143355
25462984
38990803
6761074
21839655
24266723
41122843
17428225
12559589
36813468
17639502
15914141
18079682
31631453
41143375
23024815
24556756
12342239
33471891
28450327
14128597
28124853
47024030
24985278
24499970
26883316
18765622
30247912
12072163
38346659
8800602
38647508
46037482
15338856
6702146
48373108
18115979
15824619
37268241
29005711
25560653
13157581
9787409
49562717
10036002
31741623
653796
11851915
28287775
33527444
9024243
42322340
34695752
35834966
48355987
21188098
32656530
20134955
16842584
37724474
38106731
3201719
26736301
6642088
46341570
10961690
4028975
14459769
17065093
31980021
42269339
6462712
30189247
49968807
22458422
17432812
24223753
24179767
37604456
37412622
17294951
23094865
1331128
27632808
8136112
23561285
45606236
40639521
13351854
38712002
38647624
43611736
43562442
36133981
11713104
19099770
23830966
21816441
45177208
34255354
32715153
49427436
29992974
5261841
25573243
41182280
19228273
31121877
42393489
9720609
11245805
42988641
22641748
28307627
42364043
41091439
38361950
27163839
4787822
5309113
10871603
23060318
15315448
21037427
21265340
43822969
19552595
47676386
17949770
40626699
43261348
26538559
18203153
29856627
24371581
39387521
34959404
30218362
27782337
11228530
12340395
1550290
8391288
48839982
15745566
44427583
16887746
49920631
47022976
5373055
14131215
11201173
26645280
6912840
6412503
4281037
31754963
36804767
3612166
1769321
26643061
35163891
5586895
6974519
17612875
41480136
10420288
5658035
43945078
26162138
20761515
15391819
16602501
49499045
19070682
29739994
42042409
8483348
8809859
35349081
11449310
1917389
2359212
44530030
23947212
21823892
31954205
31352825
36277990
18281424
36812252
29853040
9067409
46816680
36190978
11880729
39649994
40103198
30638112
42348884
42671249
37848360
29190839
35128794
42935347
42918016
35821648
20781021
23298072
32323099
36216516
15242333
6009870
29652745
20660686
24547305
27662531
17435357
10450029
20372435
708391
6199
35119160
9146970
23077728
19244290
31487343
35909880
558153
46155462
33012976
32015431
20106523
612880
28886026
19657705
40064245
15516604
484392
36789899
25074818
12654786
27631128
37618168
29333713
26491365
16770246
10956832
47978677
49467143
43351710
26153887
25391181
14803709
17648309
5315677
28336007
41964719
16076723
34669116
41152245
46568490
45945434
18244561
19104342
43517217
49856981
35698177
18040342
27709512
12616510
4594540
12241140
9168685
19434413
7405891
42741148
30557554
41455121
30384696
18262614
47007922
41792300
33017295
12602338
21518038
1301605
10210569
3330753
35901281
1485180
12478062
6863459
18932388
18065381
8391240
47995989
29421644
48795331
550569
15623650
6053019
10112213
988169
33123565
14575247
22945385
28202034
20909559
33446774
24924038
31117339
46770504
2129844
22162613
5383682
9803790
3760671
17884754
26334981
4790547
36452996
31551018
12187222
12897808
16782550
25607228
846613
8184703
47961534
16707583
25823351
29726607
16586775
49500775
2248839
13366737
30926090
49346678
6305571
34973056
44695034
13988652
31730787
26113601
45730821
20945306
21680405
10644235
42222500
48871165
2831050
49977622
36881687
34958771
8196780
16999532
32294773
42850354
20053008
13336119
24187825
3495535
44741131
14615523
7578502
15835401
42473803
29136097
21777733
1011178
11231365
18528762
39238344
8029550
26562247
16313451
599274
2818129
38995420
46355544
31894877
46198182
40011131
10401335
24924144
6004896
16691470
10582966
33549012
6133856
46032967
41516555
22711124
41951922
4030046
4011443
23858389
43256691
10329293
47065336
35994064
7206934
8444139
32738583
15614532
21256033
37470265
43261461
23308100
29441928
49203471
12949684
1432966
46254785
25351646
24036215
48613606
9041725
16823941
2650033
32568076
47420868
29360130
37515520
19777963
36422269
46777415
32889519
12735642
38030711
12524309
36481759
23331383
21721857
49150695
31433439
18476713
40176732
37213230
10760466
4622231
35644031
10403585
30157665
19842258
17673072
36346562
24636518
30472726
48308
42817206
33954250
25437185
49234939
12450997
1256270
41589687
24432674
41620739
16024696
21521418
48385732
4250795
44177056
36168761
26004072
12741925
35169728
45850400
33389960
37008380
10343592
41140369
19000473
21649324
27501518
43010336
21610670
7413124
6459652
35111395
44217430
4474810
2937844
8709005
11988248
2098748
13561296
7184352
32572650
12859177
6627243
2135214
38319980
43067227
26078427
44152350
32877281
35287276
41873952
47064389
39614425
17175746
3294082
24585604
14812457
40664861
48173777
4756273
878195
14008178
44006596
32977666
5365812
31410919
42876977
4073522
24221339
37448082
49893928
27914148
24767779
47542188
3912450
41401696
17838587
35501989
2728188
49278063
4723669
20394691
5230156
14488809
34862068
6517564
6793104
48665466
15503357
35679171
25859133
12714475
12960028
35312150
44082238
16694206
38253911
41964855
12005636
37475167
37456251
27862568
7080938
42857353
38692534
24022516
45264431
30784219
47147362
44643660
28660519
6986195
11194385
12106208
36907559
26948047
33869361
22650107
44126219
10615044
35829456
40259665
29730045
23644070
21149695
36915335
21787170
24945676
27671891
42496074
28896278
48712157
21706425
40829932
16154619
37792003
36616359
14356476
25170058
36925896
49967809
17051634
24159766
30360285
30031204
26648298
13130
48742061
2326189
19091277
39980968
1094040
34736178
9065450
20256252
440828
20155072
14890566
14416516
21132897
1456356
46286272
18519171
37155707
34310850
37334212
38296896
38360222
10382735
6327504
2532442
30894896
23867655
10476172
9288418
17783057
24634517
39067810
16767615
15635974
17196234
20152957
6167650
38284747
26830008
38189303
14591970
49275756
5180911
48558669
21789716
32382255
11603291
32767676
46277945
47167325
38670307
6399775
39945291
43100980
20159052
2507967
49042445
38673746
25605128
5266530
3752911
22440511
23349202
29145676
27952300
8089339
15214767
43807271
40419780
767350
42539445
42425797
25668267
3632467
20453669
35190773
2763696
21428972
36234072
37910664
10038147
21933301
33715603
46826463
14817449
10280911
3390329
45206897
49095408
26365913
29904801
39938647
38604701
33871815
6045366
14903916
28986714
19447011
26462530
9932946
8871058
22559866
5539510
31934067
38348730
3309213
36785887
26789276
17619969
5709556
26744698
33676781
29158206
46833299
8749331
9051025
32274164
37533733
13294840
32739806
26529397
43771653
38341355
13160003
37659322
41338849
49369829
35181675
16525280
16261492
4807948
17868212
28861224
21703789
45951989
38655931
6012597
7551753
45080217
27755023
28423330
24512698
23374546
12783552
21524389
23120677
39854422
43983813
1624494
20456048
11358530
23469072
41353892
29676219
41821048
9785714
29559002
3011683
15669223
13400649
45993681
25086690
10468395
48887920
5758911
7541141
49632485
3659986
16310697
41674770
9910442
19306221
921627
23036553
46559811
7467741
20476127
30203122
31621048
1526602
22271871
14026394
49661432
36104937
14218713
13676879
36669910
35115780
17358246
36829350
32415350
41811642
48984344
9485666
46645436
46892671
44846210
1234034
25273647
39124801
44528635
35352890
2918030
17143387
11429960
4033919
19059828
13468486
46743116
41470916
18205392
3562492
31202994
43940058
559299
4469304
26081536
44316872
18207333
44491946
44298588
24173899
7240473
1280326
19629047
43581246
25939136
15513465
25548427
34127565
47626411
6684293
21169893
32525128
40071134
35672433
5906969
12510261
13346290
33598109
30734939
37627105
47813000
1442068
2667740
16602207
35528465
20463341
22385481
32878838
26400616
49955217
10536446
1232941
23272007
45923359
23616489
23849024
41958542
20288770
15851435
33638418
18513879
4161402
41996216
17292571
25982580
1977424
37241351
18803492
15138600
10180965
22936882
26363490
44085946
9211410
5891825
48982068
25649487
34944784
45499469
41100717
41978247
46071801
15262435
28006768
16130342
38446573
10250824
28619583
20963654
40625620
22097926
30143235
36388693
8843080
13875247
43786700
9299715
38992312
36329642
45905728
13576811
9268383
20736533
46206608
47320903
35151992
9076643
28861128
9741014
44038969
37906060
10606418
21306812
4550925
37402476
35766445
48280837
7944838
12357107
21313615
9765873
48793483
1978595
21386754
27785766
27598640
20357348
29729529
42738107
49549134
18374151
10197667
12612012
7165311
8827896
12398129
1758134
41069391
41402581
17908848
40641432
38053619
41094921
15496200
40021090
15581508
15496269
46129151
1750502
24109622
5333507
46180381
31984235
8998403
33710434
40581521
31458187
47782796
43591809
25095992
12346454
26002021
32980357
31799330
9228324
10991519
12969449
15184930
2162890
27419956
1007591
18109912
27718917
14935362
49819385
45052805
13611932
13727932
4438335
11883518
29479932
41410154
32879513
46161686
21803378
30705322
16561385
28692778
27170150
2806915
40797490
49347282
25526480
48331867
20998197
26451008
41037399
49826176
38381873
39849634
35981049
35247626
43043212
47252195
2584496
34940171
7336094
30307008
30662070
2846485
16490102
34809547
36095789
26549019
49336431
2634133
37426679
25997831
34636677
42322109
3308163
12740642
19540718
29497963
26712006
20438284
19187405
30960486
11172728
28350959
19758175
41146746
3660566
46301961
34693247
9545541
31110258
43359140
30312947
6069381
48496007
33598577
7594818
12064255
39288733
46715431
36668762
9080279
26378262
27753497
21707097
30258439
1671825
12004340
30446000
39615402
47824086
13551429
30513275
6051856
16782740
21748292
46420372
43525229
47745928
11005454
48209313
49208404
8290914
6119742
7661481
47394074
30158619
42551881
24356720
5724827
35152786
47464700
25775669
48779679
34337356
41075494
10730687
25412694
36933089
25542106
2946489
11467898
22494432
37949499
44260333
10072353
10879965
9704438
12003547
47784700
3443390
28157652
20673706
20771423
49000327
29947885
19379735
42040541
12126307
7888915
8829584
13613149
237090
41779318
16985992
819251
30778989
33395225
33463316
36473747
385914
40801112
33115998
15963748
14554159
39517883
44256326
31924493
30449876
27524794
29653755
5328775
40346962
40272172
441110
16422424
36731475
18663845
41591796
42187011
37416458
13934325
3282887
12404403
9949305
3695280
43840671
23422326
2464310
9755913
2176482
44761382
38795147
40485804
20028075
22220490
5885629
3290441
7307328
27981507
11962049
10827025
45103231
19084457
41009541
44353901
46406695
46965926
39927694
38405236
37727075
11906407
30557206
38853772
24171852
2405186
6249601
20085314
21664209
24734277
25430191
4541035
28677219
36941491
4357103
19651672
31595985
9029217
8188842
46615123
18415918
22092812
35369912
27766825
35208413
14082486
46696329
14029175
41074233
3904703
7335150
38343797
48971253
42210041
35497008
5883418
32458075
48591794
46214808
40585967
47432925
19272815
28659084
40858871
21239189
17425492
35258410
38597174
41825208
23746697
8704903
41224304
37757753
33312635
34876867
48934761
42403248
33402842
33051416
12073371
40896530
15617686
47552475
19494325
12989287
106095
7932748
1609728
31197948
41973961
7913863
49490666
13913738
41292622
27825490
27785832
3052931
22400421
23464619
37608849
42782140
14249759
758148
42991169
13501442
46306263
18899650
17073672
4552403
20654268
20151719
34003367
36909447
21738162
411464
7639457
46025662
22366238
22908390
26578422
48613437
38179680
41338615
1954036
11786270
13020167
22180476
22678560
45128898
32152413
31843188
2386275
43328989
9110291
32312619
10427799
42090714
30911548
36035283
22488830
31035843
27779921
49834014
3759593
34968634
20088620
37912660
48651522
45513074
21173039
37257313
35962667
1256174
13976259
38748501
46002678
22261306
23729397
4443483
10019684
18821355
2091997
22760135
25181984
42044433
35854467
11138025
38317931
40647108
26143352
12574787
39942652
7841312
20688417
47329614
21105699
47636559
2122535
18219885
27774318
5824902
33356760
15947903
24936553
30326922
20309070
14504903
35238894
20288239
11744908
7531715
25113191
2509540
13562596
6214559
29781177
33956731
1673346
32390980
33558078
10339986
12764891
22824793
32445254
49153289
35140079
20827822
21967280
9616369
6593552
34638015
45413730
8906499
13769875
48625114
2453001
30827694
26010606
47894080
35053973
7773623
275810
20869604
2954802
46107303
39881966
5843566
22366698
31331513
3096389
6919115
34935380
44223688
20970233
1508626
38759386
20947557
42872556
14082507
21533919
13459054
12921521
19231213
18565638
35720426
21417781
29602770
45038374
7895416
18297516
10020746
10569380
18363462
7681309
1023862
41805130
37555851
34498029
6870291
13863175
36408487
23509454
36867307
21373162
18190000
9499719
47268378
19009775
38526056
16429934
11494071
4781030
20896196
41155377
22732384
36277517
29772691
3404178
8729120
1945668
31590531
45331767
3386047
7108637
25742938
3610450
5779389
28619633
26301090
12011347
47290114
40005029
39779198
42243064
46313499
46933626
29919567
41360224
23865545
20967539
22302431
13297431
47841822
45021343
35801569
5271108
31252288
38103697
8844633
6235500
46882214
31425466
6527211
30573738
20830035
45934541
43246202
47661784
31232236
31577801
15548737
15018593
9645000
41402284
17317629
24390674
26311838
12304618
46950344
44639517
22167935
21794349
30419313
32716025
2030993
4386586
31899151
7575724
23584796
32121799
30953407
11462299
18941973
23395188
40563299
38566007
8549268
34087927
6907665
27225127
47934057
7179395
21868749
37322587
43583948
4759630
20274806
35751951
30935500
26898340
39630199
27745618
16010518
41666207
16353832
36772238
10671672
32371617
25757488
4433209
22864942
13974627
46577570
39659340
28933887
29216094
38064900
22964711
36542582
46582489
15848050
11615570
44467157
44936446
5227406
49618084
47775394
38533125
32657209
7672079
39739397
40001951
31065261
21835756
37251307
6553444
29877957
11822839
20671929
27232356
4671291
40148496
7297730
46003710
40024091
25428289
21971997
33171587
43284488
44302909
4126004
6075569
14603680
9322546
38974675
42690152
12372
9846573
44351001
10013747
30398600
35651976
19562454
26171295
41310350
38784322
30008386
13130966
13801723
45735819
21246515
20114899
38270603
45604429
20438015
29174039
48170155
23103209
5991978
39106147
544875
41036451
34253968
27125231
8560119
19742400
4188303
24778130
36835059
3565315
56595
47201298
37582996
24108501
7361731
18938743
2092774
15786769
28971938
47125314
39605229
26458901
41957423
21349164
47766323
25688578
27248392
25606398
29205111
36582304
14174472
44458789
11637357
31868083
9332755
12631691
37273713
25809739
24178512
28000202
10352704
19358954
44967375
8425463
9011209
778649
4814794
43512667
1054134
9663402
48408258
32661975
44152715
29308799
9111758
5681669
9208698
43100193
27907589
30603566
46666869
40562579
28568525
41825499
12065999
30493891
34186258
28462527
37047452
30202062
25817769
23844266
15149218
12468227
28505958
40572226
498620
38784798
33430749
49050768
15888023
47790237
33670452
18069093
27570860
36652599
38678353
24626943
2245590
2541081
38127874
32431577
47303868
24734893
7594334
38941180
32315128
46338489
5372946
9535331
49001919
49076256
35326648
18751585
31201350
34691899
5250237
35121881
40941147
5935536
16457196
31705690
42323069
49773714
44542633
44876849
5239990
45907432
42526061
36184914
38898208
20971503
41140360
3541623
23054995
35905476
723663
31465255
30469759
34404240
31489654
38518161
49245462
22247529
28253914
23683695
19771477
19408452
11241284
2370705
46644095
40106709
20405850
48786247
37829689
17478045
4121678
42231613
31753267
38798393
11346717
38443985
3464153
44044883
19579228
49484741
41897207
1831945
19247874
32531707
5537165
8510837
33929982
5158140
18646119
16914856
8894527
41325490
18855709
18469509
17244008
953149
49756471
7485955
40521779
11718138
39713022
49591253
10142541
44235188
29974388
24814633
11770854
17532366
47028207
15850839
32542332
12133901
35392468
2220669
23008141
5664088
9735501
39966289
10344853
33282527
27712464
25713903
15968384
44336633
29540317
48720976
42786913
11226191
14150358
38772644
49282141
23157641
3645743
43101414
17743283
7784252
3524774
11247474
31139516
26759312
31959386
20224407
31961688
35736870
15680747
25488001
45869578
47352540
26177189
31849169
17624477
9740842
35597370
29174529
796117
19380519
30119844
25635862
45532923
21185506
35584706
45827055
2752647
6534010
35654495
42776812
23745003
28976661
40968994
43759405
18293247
22479284
18141280
17923961
6595245
17135842
43912236
39203445
26249886
30944475
45318021
16226721
49278943
45089766
39508620
13081243
34893411
22642975
45480897
46323796
12074004
21023184
36749658
709878
45150970
568827
4560180
802718
27598439
6556454
35249890
6973101
46003098
29926676
23589869
14724782
48670749
19011743
16904463
12957350
2284506
1590513
41567046
6170077
3817282
39871967
44064052
14550862
40224046
42821019
8173199
47518117
8051529
5797293
40579778
8717930
25230145
44049899
43480226
37988236
12399613
7438689
46684527
12365682
17001075
19768167
31336860
44323919
5081094
42867836
30430097
18547788
28654372
46454199
44800483
21703285
17269568
10869358
4965860
18608449
4186748
25689208
26077864
22324083
4030469
17330101
17761359
11940647
29566478
4657255
32998892
13466678
40956668
26349253
11975053
43317644
33021408
7276647
9655128
36281211
28940939
14655671
41202582
43173695
7130299
29634048
48009704
17380946
6931483
2339477
4893547
4725293
38342286
48824730
16817238
29922640
1259285
33400176
9989443
43813052
42972174
58228
2539108
44600944
26204927
17880251
10174207
46979911
22134576
26261738
38563456
248556
34586769
47486613
32928942
32087395
29263336
27106127
48839646
4704312
36247426
15156327
221955
25798251
46255545
32350926
8133841
38067094
35923650
24086603
22376762
45757223
20322450
26884806
3704053
42431092
43424430
6084559
24518585
35878165
22821229
5399365
30845876
19458798
43472625
13631186
11852655
37210221
2639472
25780789
44341116
12818007
20056851
46699871
26179486
7165082
42319996
46227445
24109607
32648702
5695026
42465905
29392593
49346772
12714749
9391414
2395673
12958235
1702191
48300870
39791896
16004468
32831842
26089749
4227365
36275835
43178357
20651471
33533237
35832111
30152502
1101814
2485894
22769040
3761752
22663913
48386297
2873236
27213173
7931404
14205483
43879128
44782848
35105966
30760716
45505034
36008027
9996110
49731126
38879234
15635404
4834086
2474820
49355868
9501977
32809170
43877893
1279298
31623016
41498250
3073701
16286152
47063234
43539321
8760241
964034
11559437
42457193
3352626
20625061
6529173
30614031
41018677
11454772
39664192
4292124
7135768
7662470
33362737
39928259
41314133
14802373
4235249
13599018
28602569
22638714
49521538
45526510
26978343
21759040
8106916
45908396
38652493
36633710
9216022
21581533
14309748
3059263
39801279
11639876
22515276
4242751
8103094
18380674
9478243
27860537
11277703
46727621
24825405
37138566
11073375
29438057
16350714
39056408
2731258
8950370
6708730
42425864
41100255
25241729
10586671
1048935
32679836
5417204
426115
484796
12040194
5982169
47428604
43738592
39844582
19040903
27932203
46540235
31944658
46463383
8515608
13835180
9602465
42937978
18183131
35103767
30227118
27650956
16056049
11713782
40972512
46417429
2524718
40015136
12079628
48130395
33546893
41073969
5907004
42090121
20213176
23344059
28104246
306692
37427313
15813468
12878385
7885818
35581055
6421236
41535083
24286787
36220187
34060485
14715374
31153010
42041305
44246698
13965940
18550676
3561403
13000263
7561769
10013813
45985931
31837308
33387657
11832893
10721286
44972512
2893441
3625733
43275880
24440585
19130358
14065332
29170322
16869947
22434134
41394047
30410224
2906989
7007583
49688538
3520303
36061664
11803619
10606263
1950536
32551921
34554605
7788998
4755302
15790706
48412543
29851426
39775872
38907156
21875633
28123063
13337982
45422807
21856349
15439284
7390893
21886365
15286197
6580974
15912745
49509423
27688814
13418810
25201553
14808429
4934497
31607623
39264878
32508053
3646654
29250411
9726846
14506600
40898395
30533922
11949457
25993298
25064161
9153960
30718426
48306386
13029518
42414221
24064581
18098895
13570145
22541288
8537039
2153833
46453464
38162520
4003161
18831028
9160462
7456418
31241479
30774712
28066528
11489127
23056997
14754124
19807955
40509327
10521874
42815404
41038957
11404179
38797075
37094804
15415062
5803196
27628462
35015312
32830557
14525219
39700322
31775310
31055495
18734842
973339
48990664
28730002
49404128
16552683
16631688
21964461
29141940
38887376
14925456
39713123
9997189
38500409
340752
28036196
2967837
2688294
31584965
49222763
33837387
2256239
28568087
35642977
26462379
32163222
46751627
6576617
30362828
33238018
16140455
5576179
37479427
833694
46517171
49109348
27287679
14630169
8906153
24052200
19850161
16043207
43462399
6088756
1069057
32197690
44898221
20457240
10858406
47197967
30821951
38277609
39168769
1638362
30523851
31122451
9302895
47186585
27203276
12411500
24858498
42064573
31158364
47238069
42506911
91514
42097729
4744504
25828812
46355492
22340954
35629462
2195413
19903818
28581818
18105260
46845678
41104264
36402205
38602991
13901363
45947104
5433071
41638046
22528090
49376072
3678351
34543382
45275196
24426992
3460308
7446840
25699676
24534389
31229304
41549344
2743032
24533066
24590904
11761998
43498132
37499794
47303272
4496692
37631848
47602811
13738031
9288258
22476752
16014371
36214215
7620728
43556231
32111154
49484740
38931154
47167038
14079037
49997227
15128838
21505964
23670081
17942083
33793742
45649245
28382295
18598910
3654750
4252635
25019111
23167765
30360766
32630137
33651748
35345072
8234892
31552163
47635570
35695507
45520500
35759326
19613530
30331757
41671336
24705851
45184834
46521415
4404195
12640196
30727414
5859193
5380146
26218260
11999860
19352365
5163848
7339357
11057275
18518205
7517844
46780390
9929029
33308059
10099756
13707400
34942757
42095795
1522720
19674270
27953303
45795317
36335086
8860208
31803222
23266661
28194447
29786945
49506831
43264042
1441654
19563363
12687648
4224472
1478854
15591274
34871142
43263209
22540350
27628166
38836210
23004415
44007344
43355765
21898054
32624868
39819533
44684797
46765725
35578855
36807114
29880646
30736337
20406622
38067616
8855301
20568533
11525085
17448807
15219080
32497007
24957943
19337172
3175522
9954819
23697544
19084557
30596713
11164438
41515573
10790428
47768908
35924496
19142576
12232639
11768168
47520537
46497000
44718393
10300192
10821622
15965558
7846191
2761629
21248402
38555733
8487495
29587537
17475633
24808279
12381358
13767745
37747881
47454987
2327947
44664526
21269737
23075184
9928370
25025899
30093569
36229835
10911742
35812174
20237335
8153059
1672704
27149720
33515303
9756549
30738595
21489463
10472559
288187
49559561
36651211
34051645
22231869
43435808
47342041
19834487
31803608
19449974
38502208
44754080
9870606
37932046
48891747
29669202
22728729
46247873
7537375
49099566
32143888
2689786
9356540
45500371
36974301
7843424
20675048
1664006
26952929
41441201
14788433
29928722
23984277
6206305
21902085
3693246
40812338
43037765
13096279
39153423
35328379
14907823
18651378
13134258
1513216
5609601
36132239
29894187
45436956
45067481
5863768
34345481
26469322
13049323
32914575
21324367
40478181
40606087
34329933
3761293
44745936
24230655
26679667
9928485
48047517
28698468
24805449
25911581
25020277
818112
19102564
23147205
23579039
20675259
29902103
37650290
5878646
14475058
48845413
29811125
49763081
27891101
29695967
19369903
10991785
48855299
28442899
48895890
27796076
9366230
39404989
40126788
5776597
9639471
13944136
20349499
31850749
35252358
22509438
4436956
39639791
25217661
5935665
444186
27478440
42869546
18342791
27817566
11736873
37300037
31012347
47663871
38112221
9189020
13371950
12482681
25620121
19425546
37169382
32922645
2834204
20266402
39272663
20395350
33158524
37532718
49650899
31101728
15067299
1801204
164195
10336375
17627958
20144029
42986934
42718876
31711703
8333374
43876647
44688697
19306486
27994919
12037473
33009946
46160376
43270847
16424914
1908751
8009757
18603722
33088042
4477829
40190918
24277271
38994665
32244865
37955070
29264064
17308152
42144103
46030833
31946553
46590001
8025127
25045178
34395030
49187931
38605294
1177432
17417247
10928494
39034174
3926568
9807098
21453438
30940138
46525439
9093078
23983734
10959473
3549277
18298599
24237270
28153110
42697824
23889705
3269203
19451922
19573248
35541683
42878977
5155753
34484998
13006695
42146378
12297533
6342370
40182272
11216303
36487919
21649781
21220524
45967369
20204622
18217305
45999351
46839808
46194163
24328487
6431273
35864342
38926273
23597449
9644721
865549
9190523
34773852
18885628
25032560
32541024
27648485
22838026
10940702
6873148
14621427
10372006
33781456
14838677
12644438
37490718
41166482
46281819
35275965
35708336
47818230
36984557
47128200
7648180
28007635
30903053
5127141
7822590
8806842
1166313
32179925
23367973
20909343
46375629
24331566
9329072
29657952
40107523
35106065
22954262
11556628
47640241
20447016
1930021
49959881
7958904
14922184
8637884
46589944
9553575
46174065
15205154
20631167
8411707
14082193
8738800
5275091
28508187
46360022
7497551
5216729
1262078
32497797
28940530
2853265
13176894
7235504
2200683
44277681
34459007
39807381
3977224
31479585
7980736
16979381
2904574
4445787
20243109
44800968
689370
6476248
8307646
40385577
13784242
39433374
13423414
12400500
45003249
23591027
1963548
6092098
9768165
18614367
38906456
23342917
23635963
10774822
33597008
48892439
41134811
16228436
33883886
38267849
4586023
6650871
38797896
938473
35489769
14562496
48037307
12854538
18915091
11527523
36045950
290511
48677373
6622688
14362331
33835973
47496709
31857620
24592919
46850908
39552662
12423582
29505476
45199546
7202427
12136541
23811726
25475537
28460324
14379686
34510802
15270906
27352096
7572933
21090994
8295691
31266135
7403194
34878329
9120926
33273651
24243109
47293693
19345558
37388505
48461767
2725196
5519568
22019454
33132507
7766014
25822225
19032843
30665113
40291459
49403831
20938431
46106915
29793376
15158111
37172668
27332249
19501121
28720023
12669147
4671393
31922131
45575719
24658576
12032439
858045
45242040
32993965
45103566
7057967
26599926
29397600
35075280
44194427
45400401
5704652
8000576
9621236
26495350
26885442
46643153
39631626
6826460
49756671
11322825
4342644
24408166
13360463
22725187
13439457
39927147
27131379
8238431
15627618
28501418
48667383
33494714
18691050
47881760
39051899
39839177
18318895
43206780
26859353
23897287
31932163
44739938
40477748
27141752
32516451
34320449
18716035
9890110
30510023
7250220
8200038
16823513
32839146
33371480
15490190
42169267
9033417
1994713
6684272
49512811
3546867
4578750
33429269
45507022
1795089
12018910
25678066
40572942
45580635
21941640
10249985
20317385
41739484
41824435
6464842
5134988
44364370
34893182
33030146
31274197
13551412
19700676
44432326
33413441
32900146
33876204
17560061
36402407
23059657
36274288
36683051
1185841
2120542
28884086
7994956
25744967
30206743
21109712
25255521
29699442
30847010
2414654
2205185
11869491
37357261
44252326
20336978
47382833
11015535
32982640
28902522
9025355
20968815
48031372
26110751
32712548
7340503
38175229
45300134
32920504
44297126
37163810
45994683
36198012
38400380
31528979
31937852
37732323
10489852
34003060
3740457
26265392
17675871
33198161
39664368
25353576
41402122
45398328
23673577
19088282
21507237
4122095
1888914
39625331
3027850
8603228
24589367
23412726
49798613
39189362
1805219
41953309
22901339
25539849
6533053
28732540
23162158
23982433
27644129
23573283
3788246
44375067
16389925
16617091
15745223
43492104
20944646
39764129
5700345
46170314
4395648
20462330
7682040
22655569
11393694
1322851
36132542
21885332
2508371
30931107
44142050
28351687
38121152
34544948
28264418
17892492
1369175
46704984
31521028
39459291
1492264
21240919
25349542
38275780
26192644
21637333
38422420
6558260
32773194
6714692
46363097
45305954
13818275
22546396
33335081
33740226
44787622
22786107
11182165
41260402
20100509
24382954
29258871
13539794
33349866
42643940
5054720
35959214
14366674
19284107
17794259
3189777
19952827
38488324
26979600
15158953
41914338
49854373
6171187
48164492
38801894
6357467
39719366
22604821
18345212
4514400
38012361
35639080
31894722
28662593
14075358
23308016
5144674
43723897
20256612
33865787
20126555
29052132
44523827
36235270
21028763
13426941
27804160
26997962
16862096
41940617
34585845
30415658
45067647
36746298
12119919
1248449
42133895
47199789
34643215
12518418
38711300
33500990
14291022
44345956
49808738
31359659
17980879
42810515
35750191
41233184
29106759
37991433
48762313
42061051
4018592
35048920
13465263
24446061
31036958
9914913
16131224
10098050
45990151
20151161
29218448
27532102
21384454
4323660
42542155
13660550
27678273
17913690
19263238
43355190
10776632
17209844
46094054
40348016
15846406
27237204
16004353
7620789
10063798
12879267
1859197
16481040
20840026
31149232
32573460
37569222
29268386
28321226
43414205
2483280
13555355
10694369
18301392
9155706
1955679
17340720
18640964
44202645
36957263
11810170
43237828
2834168
48484411
32604304
1336055
3712952
5632418
21065794
40372677
19997045
4266897
27313769
24389661
45075151
44119422
6060354
26635177
48602553
9432834
15840455
7511655
38317376
49290147
33571112
8096190
35027980
44574859
38951311
35249613
16898554
33316271
6056495
15977069
40253329
8205861
21032613
22098005
39213470
49475096
26169148
49926243
15833538
28378260
14630297
9682328
7168169
11754405
14368589
18424561
29492697
27405621
17066183
39559398
3753092
32907409
35800565
25146027
46950552
7580709
21239282
36624331
28439484
31866922
45817803
16532048
18638399
9724850
24360386
31891595
48027885
24678567
20681034
1414268
43311900
40655540
2336023
49623632
44441064
3669000
46350916
45070220
16084374
16977396
37092943
25816125
20754659
42879147
47017599
24350795
45986239
8190891
35897250
15863322
29689151
26069850
527887
26372145
17148577
20192264
6056598
15801485
19959715
14118800
10752669
29450448
42369364
21285883
43246933
27265582
2273763
18390281
5375056
32996884
31614402
49455340
27713366
22328611
48142962
28344504
6737434
10760461
46874348
17513407
33979536
4453831
23612681
28244145
40407318
48937905
36757387
49511950
21929054
30417883
46654762
1835489
3496294
43041801
43056546
12330559
42289078
29756405
43023414
9132996
206415
26887963
13426829
42164251
20504950
21053515
38641913
5518501
7437556
10591286
16750613
34652730
47886467
43565772
8730392
39863749
46020132
27535856
21434514
30298976
32102565
49336567
8959693
17493932
11641982
46135122
39796928
21983552
18911100
13332098
5663919
27816386
24669191
12206383
26406949
25321520
38278264
15065078
1391479
1541498
37482314
43426596
41070838
42052252
15348285
5971118
31032810
13305421
17567972
47060841
11325022
3340880
26912999
41473551
28783219
40291676
17458895
10016080
5976802
24690705
11416755
38067028
7875262
947237
48223319
35288372
29203010
30447821
45205206
33161782
7953231
15064864
47886452
13632856
12787204
17864572
19324802
33163065
25640521
8737531
28944631
13865092
40270876
14466431
18989612
48768554
45445363
12707949
28073719
12104419
27415590
9794061
1930933
19474521
17569066
15803174
41451821
30264535
16664338
24805970
39117965
45920388
43435245
30746875
5753827
692581
31466114
8939233
21692672
46508025
26679447
46093889
14241688
47871167
25735946
47543489
28406576
49399112
40077143
17195010
4902681
6394095
37379637
3942803
3497220
22338028
15759944
31603741
23776785
40693103
45016060
40146676
47618167
3054252
359771
17022627
33859242
41584538
25564296
20300926
26487656
45047633
24890761
8874360
37551464
2759853
38955819
12037468
17467879
11399549
33805872
33073922
22761767
31412645
8852972
6016176
21294811
47664446
35596140
29053419
9515752
17475553
7841139
21023169
2963674
8581312
33501459
18857636
24198935
28862586
18986811
17664154
41133143
17700497
34693451
21005768
29244391
11071878
21175728
49450459
32968894
10151207
37290700
44118676
42725007
29527204
3571682
12678205
9973775
3661942
15425682
12290408
2406676
31557779
17463336
10975989
47376367
31348756
29288314
7786243
33212902
2737487
29629886
23925661
47582142
37638311
32561190
30719735
33083903
7549137
48302543
9935718
8298297
23461549
6279907
13672339
19066734
12123551
11294088
34140815
18306733
37798894
44502418
39304147
14253666
39161204
276874
35300298
38304923
12117772
27945407
5156342
16519347
33427650
45426563
6328718
22055852
1742293
19077793
45722099
45676939
8186675
26452289
25069075
39616947
7118233
21712292
10319699
1937737
5440063
30885727
47493391
44260936
32202532
30471151
42168308
18073656
39876374
44158057
389593
22107468
2942524
44035010
41766200
30407162
21804709
49093170
49279353
38195578
8678533
14184591
3267012
43194221
18988724
21687630
3726894
49915574
4746215
36719034
40419102
25594714
6210995
26766942
17123761
11946104
16111506
26770886
5985328
1376541
13973593
10934766
26071990
27004356
19121725
43430711
43893514
10343804
8093464
20035129
32940058
29015084
49384695
20810548
45967019
40501114
8810501
24095054
44662313
6449935
24659612
34403577
13413135
32858047
29893136
26044249
31973328
18017349
37786122
40288187
28391788
6054721
28355936
24711903
41195971
12506130
29132357
42324640
28589525
6237600
2713756
34449764
22934110
31106629
45395124
15047836
43460414
46052556
47891268
10406553
33240515
35385077
42249030
43434562
35210532
5635140
19508751
31421658
29350434
5313891
32051958
20159052
9972817
8575826
45923532
20160085
16686856
35104115
28704597
19829438
38153786
3202992
36976605
5136012
3026269
34454667
7223074
34269249
28515465
27717265
6340740
31182571
44349247
48339187
38149928
17004068
23854360
17103380
39296797
5487464
33785595
1091775
7646083
49695200
44397771
31063282
12049545
12227782
26370922
3037263
5589537
27934171
47270046
19974788
21068585
39406889
48593173
30534410
44980380
30195494
41863208
17788843
22906564
12562226
14164560
12421006
5249292
40537304
17402516
45191699
7135731
29111754
35861368
1202272
392392
26503563
7830147
892858
11524966
44010060
32018974
30881019
46426332
27185238
44138648
49945561
40391984
48715091
32663395
20320564
41506792
41389046
24208100
46349563
45218165
46324804
45305349
26507817
20310946
5881096
8394615
9067345
931199
12804513
7510322
1066042
46709948
12631306
1799546
14041154
32287230
43528369
9741134
43603303
16225597
29245271
42014120
36143664
12812054
5777642
20194258
31099964
9943230
31808871
28311837
1464104
7815421
11147152
10228885
49578767
47150562
29881293
32550944
31641106
1317199
30166528
39273872
16282602
13511594
19785802
38213833
26288785
3417331
22404300
528436
6889634
42306092
47854850
28976800
27896210
33266081
49464490
38833302
39986117
49061852
37198748
19513550
2484185
32715339
26822097
32621685
34450721
39663976
48628036
41036756
45544634
32742517
15562935
47935214
4073824
35454206
1276389
28320247
38681776
21196346
37128362
4262124
17975035
43506697
27993622
31765175
7847762
33204716
41788469
43364395
23270947
30086609
46809403
29274902
1396331
10826905
19328078
48735072
12898412
31490194
23075209
29401112
15576178
34066873
14743976
39437110
45967834
22760174
40406257
47996205
44087716
31438309
8801904
19689342
48519375
47740253
26197371
27975075
45171467
43788548
49297142
24176343
31697185
10873366
41731137
13905535
18955384
46351929
5784242
44765402
32406185
8663525
11629371
13387161
10490063
40651129
33030027
6771536
27916239
33133331
20377735
15751721
14054808
37368265
3157429
1216725
24077773
17502531
23960810
45427861
10643834
11724913
33787899
2145472
4272527
22664997
28898452
7648351
41443948
15212927
8099238
37713938
15038805
32639424
17302152
22838773
23839820
3132399
37381139
17951034
10145410
46314216
34587067
40553182
44928439
6988854
47406033
3383767
29382054
30677855
7444444
7106284
40974831
40913313
6836250
37746917
2816523
34044713
7074020
11210289
42273628
7922830
13783238
24269146
10538277
48878694
19604043
47524040
29629767
33950149
33446455
49160727
6663525
10354613
43425676
24409972
22455132
9245755
8253282
13548632
29468071
27900501
442086
16462884
31787010
22905604
19244025
33891503
11493186
5719949
17852008
24993782
47996244
27850758
24202371
42241032
44627078
16471958
10174458
35544230
28301300
15313037
9260644
28777816
27743438
27468285
30786398
34638597
45781577
24278268
1997358
29700955
9769999
667648
48159049
34718685
4669516
5689371
22703174
21126179
26954335
11027644
29130099
4125071
26391654
2489320
44303674
43048040
10130225
38557887
3879553
42386467
47873419
44316120
34881737
19845732
28139104
26977954
45692458
47029249
37152168
20422774
48422472
49841587
21051732
23096011
530311
18775769
35419505
40963323
9855731
46996008
27107827
29943242
43210013
13766282
36535764
41900070
41485860
43757470
29671771
46806486
23169378
43537347
27145920
13240295
20235432
5655999
2481028
36066553
22447442
26172025
48660550
48243258
49664065
8456097
34928132
36291819
19054078
14343482
6229017
34337702
37029723
20954906
34986259
22864587
42660134
10739255
1571808
1871750
36234268
39762245
17360406
16196040
20397210
48755212
28369997
33908405
7411632
49122762
4022892
25030190
17431962
42076557
34057708
23788305
8308953
3203300
43685350
8371819
30114224
19995833
38415483
49449752
349867
30410193
22748584
15844225
39030102
37956589
47959158
42127212
44662329
35788397
39966613
15692597
23510729
20079082
19094855
44756404
47973073
38437659
45126270
9393329
47939284
25344719
34874240
49493616
16618393
7061661
22001439
34658497
39082127
12922166
24244255
30488202
6575854
9835024
47757382
28567717
27652407
5499383
6190701
4173748
28513667
8728403
31960804
14413939
29941567
5239371
24782917
45420787
35316417
27028345
39476083
37511739
34825811
26493405
17696187
39211964
33475735
42712186
28415384
29533267
46239207
32852546
49104695
27979187
10928195
9686910
33942718
8531147
32531990
47724508
30716588
8682894
47279853
34439296
35510060
7922750
46605142
14270201
30563551
31766356
2188246
10525335
37515648
24785456
7970257
40372708
27422016
7404536
8111210
24802496
38370485
19434096
2703290
35083006
10288093
7901548
24928754
20463144
25129571
20351441
19728752
32609913
1877559
9587804
9538842
39569015
28303633
3264918
20479208
19024177
14467428
12286100
49637766
32802389
139974
8209288
36744608
23397436
4534181
2998592
28022996
32291205
38457346
20783743
37967779
30358335
22670936
25320554
31891982
48320631
40648492
8912703
9296075
33874131
42712127
30932904
30194252
44776428
30136897
9998054
48846138
21824897
5993828
41927635
44593997
41848383
27489693
25986911
15624440
26534654
22749764
36305525
3074910
44992726
29735684
49386273
18614329
43346726
5941142
11114221
47459969
1664576
38385922
42285915
47472735
20726445
37651051
43295935
8306845
43212351
37537534
5714458
12913541
41520528
36361888
38712124
3548341
38268454
35014306
12710143
31932794
33731520
1252526
8072069
44174707
35692484
12062377
1273297
18452424
13811341
16460913
47353204
38893128
29811737
5680629
35805524
40725339
21503773
26964200
39519944
3018803
32982199
1561172
22814100
29327744
12113689
27845914
1614435
35426889
21299176
25636325
17258911
6108592
7693672
6666169
36358193
11284759
19149632
9665977
12258706
17149975
6014873
10350025
20588613
27331860
45540652
11354221
3953635
41236749
21829891
12177431
1823429
47868796
3925990
20000076
26168413
6626614
21477621
9560367
27704071
21757889
17309679
25200263
8117910
3481483
13593537
16080826
40064303
39327747
15870652
33083292
34132997
33851139
25840181
7722982
18071582
4068945
21363199
31193781
37119329
27318441
4392828
32492202
1939880
27346447
42516238
15686058
1249759
18063006
37183363
39337385
45305023
6812183
16529995
37225788
43724843
8426952
20442223
38134321
27296258
29929364
5630996
42667750
33583450
13653763
9554091
25052091
36268299
11286929
16452510
36073407
28437547
37255638
30315894
2804621
67181
31182273
41656481
19411204
43826039
11232796
36437
4038279
32358974
18341051
40122227
16836874
45633881
25511672
23583259
42426691
14277690
39269368
34247562
18878483
3052430
10832466
49605729
35842127
37787767
4693275
20175500
6020680
26528464
46870799
8252846
9371772
48658879
37344680
18754130
28988510
14149917
40966293
33877915
21361017
45775024
22993864
42625531
17539610
47496575
30381398
18321603
16503969
44444660
21584779
22926390
14134732
30856613
40232683
22042394
1065329
46428938
8974184
43382076
137408
40854989
31979318
287177
642811
45144564
11645807
27726903
37298481
46740650
47197644
32814673
26359765
36113392
5445804
43560182
43705755
5202490
36148146
2076854
45071192
29875309
45113661
8282282
23689077
25258197
40353291
24022676
25954424
11890795
46776902
565822
8372763
31050772
24862536
12951399
29835103
628362
14866008
49871581
1327527
18866617
45671231
47593459
24012964
12852133
6037552
41167445
41958917
20345968
48171384
14840971
15720786
33138940
24360464
2469342
18841242
33073791
47247843
47443821
40669783
14031547
478850
13159163
42844723
26580895
7445497
18612481
38191806
33576287
33152540
11440526
37029679
13003703
44281008
49581025
37963959
45108939
45793990
40464804
37925921
11779543
4386279
39471059
8606471
4365388
8551745
17423105
38245564
15298485
35103303
48915576
18409840
12874941
45498383
1551391
46505492
45481991
35765101
41235483
16973247
45679687
37588748
30462468
131197
28663169
43014521
45170963
43622780
3480455
21676115
29027818
27304981
18390219
8168338
45645671
34782208
31312107
33257458
24257966
34712525
2916866
48400275
15069177
3151746
18651771
28189890
35729451
30122587
21222641
346235
26297206
13059933
22461729
5490104
38374166
1702683
49489043
15141640
46274849
28442097
4995610
16776155
13212181
11038173
22093893
20857830
4217399
42009794
41962819
6491180
1870510
32210003
28987604
1612193
39764068
42030089
22434665
16804697
16586197
7237065
31781184
15996017
22870834
3652929
22386744
34874803
15887600
4892965
40262951
41578409
29429217
6420357
41966446
29961169
38851636
8376958
5740138
4072633
2237658
25326560
21023828
46530850
4363971
8558784
4160901
29656644
3676818
20231383
40985978
42022580
28980226
4415111
6833535
45470583
3744002
37531174
3503295
19791531
25599046
26956496
6431061
41426436
27588993
15643882
40236856
44273332
41876480
711795
30427915
25764438
31152546
28729691
41621637
41555861
6796648
22791277
43682599
45350568
1742958
30472577
34709571
22024706
39447488
12917204
7248201
6891388
824674
39941527
47868714
4532834
39787941
12993253
38467617
8454485
42772758
34151569
17199071
23849902
28253303
32306162
48628630
41664599
29838234
12477110
16317688
9239060
2957542
4059496
8568512
20915610
39226629
29249274
34435287
43735182
24007771
20883491
39169158
36315541
9772709
9892456
31509208
20714791
40488758
23011652
19532972
24751763
542365
34740958
39355318
44135945
45519969
9703969
3846524
15930797
34031434
37544050
3664635
28324045
23073110
13113552
13446732
42986906
13506414
4590501
22921163
12707439
44819337
31925370
46626004
46428665
31366845
40249368
46467108
22222795
38816490
37990122
22525795
41345983
20107937
28098167
22053253
10890427
7036225
30487699
2831469
33281346
14724081
248108
42866933
14966962
46521246
15453429
31308753
41870565
14303485
16040298
32262333
49297245
22247604
49666023
25227016
13778549
26864523
12364441
451335
24348248
663849
4948016
24017369
2014448
37224725
7730224
9556436
19500241
29555290
13046196
42368148
39304750
24153102
2946404
1992167
13362911
13275812
19065689
11686783
14693154
17582447
48240314
11696038
22804767
37212199
16506384
11981714
13152504
1442307
11816357
17568337
6790762
1408869
45463061
9210259
25429077
43947529
7447006
22708519
14108793
20473062
30615312
16116191
24806166
24988004
44352835
11499763
35361456
41822499
29106328
47710521
4387413
7951954
9692685
8777484
12726602
12863515
35739143
25380274
46597303
25115850
21337373
40235065
28825954
42690832
16411450
3100108
41340941
39414774
12690433
35934674
19742271
9970159
21990275
16587410
3574151
42242289
18795403
8486490
34109389
39197096
32815608
14041697
48808181
5463180
31585949
44526880
41264333
4353558
11236276
34132496
26046015
43290021
34169051
25116574
33459661
34822279
31156451
12012389
21597186
47814186
25090578
35264077
46607757
32433518
48026451
33204932
31793373
18007689
39002780
26907037
42822543
39190412
43603131
2456487
13904931
14732161
13623134
30338581
15729285
26568399
14669578
20535249
28522802
25305611
38344019
10550141
25105921
17081170
36946919
5688076
9014756
5639035
19800339
29830248
34817471
23593797
15446957
39189043
2761056
31222609
34377328
41683050
22573677
28595246
30276246
31376817
29024965
27444358
24663310
33389551
21274882
18322028
25660480
1658812
12050454
29641215
15689410
17825785
43309033
5092789
24098320
5531014
19764758
33672875
34412822
36685189
43194917
5245164
18550566
15283481
6604125
7958300
4788130
24175090
2569022
36643190
13442350
22398111
13196713
45305687
22095011
16778804
20314900
45871549
18419006
12793799
47354877
40536040
9251973
48062387
49648549
36448546
17524505
572700
20097372
18914317
23262105
27099308
27229992
38920041
43977011
797974
31675653
43895308
34403157
10018089
26676130
15272536
15228768
48542251
14084476
31839014
15684899
34616455
39393149
37085383
31456498
48486850
30964108
22861278
5763033
21010098
12606170
28775811
46838047
28030560
14064996
29439372
30197107
37476733
2020252
25145704
9324793
38755937
8613132
20506587
49513261
649693
33541026
44214551
23800995
22805086
15132422
28128502
28569543
46020764
27069618
46339921
36077996
20108314
21882827
39389891
1559601
38089478
2161510
9337176
10314046
22162739
38130646
42267802
40466833
40791270
38512351
26231909
25589857
13703941
26215150
4275457
35869057
25933138
12639196
31861791
7290598
22068172
38219507
30302024
42882787
20444413
6257333
11504049
7000340
45290803
37104947
11920958
2151455
46239656
40491068
32790287
1801103
12528697
13354581
4663466
25896917
19046680
13817200
15639013
19535763
44262988
35191601
4696242
30511965
3855619
24739836
34798074
741359
11531030
21929304
27572432
26246632
10538472
7431902
8666284
36000754
28079236
32094892
49871468
4614608
26104873
13856619
8719609
13802752
20787454
29004498
47625257
44613481
31861950
10655631
40514257
38593731
20824804
39425919
13621278
33720529
48101759
45958563
30800047
18484533
13536043
499513
9575899
29912542
4292958
26792337
40590704
16565162
35289634
22071534
38200318
32947677
30883807
31050968
38663616
2622937
49478744
6113799
19321434
43372402
30622221
23272137
46997449
47757886
19961448
26245632
41139581
11752528
27853721
16719156
12051284
41455597
49207170
28996172
30724329
25814432
44230114
12310741
46877022
38159126
6411191
26410783
46885257
2930274
16085678
10598654
18372816
42149952
36086957
19588380
44738591
4479106
46844941
48757125
48480075
14579729
33117392
27600411
37099385
8135651
24745192
5136087
7061502
33849366
21878373
27521083
30261803
11062167
16962882
13916507
33961420
2995417
31015537
1793008
4912068
42873615
46606149
45340231
30997852
25578919
23062480
26799378
13046205
26620365
2535016
720574
16817868
7696228
47586870
9159058
21952006
44982776
31154993
32531643
30961146
4579321
5539746
36804418
44092042
16260050
47887648
29375139
9412406
31594031
18732896
10829126
11448042
1212399
40734314
6745457
11894149
19739715
8331660
35880013
49757633
26229468
11304716
5206663
45056366
752333
45458415
18337651
10300976
29572059
24030813
11941368
14540642
47943398
2311556
45301446
35721970
14506690
29666021
46757590
3204854
42600065
35089513
43017601
44462304
48077492
44294563
6898342
26213958
46328385
20691292
29795444
3517530
40144883
313114
3265834
25326587
13538413
16757070
25141982
16008172
13420814
6132841
1076323
28298651
1875303
977104
22623516
12895092
45631313
44892440
4239368
14802059
6482933
44567586
11266431
48587591
11210353
2953631
27895815
34393301
7226541
21954094
21654661
37718815
42062927
12720321
41921121
13899543
36353051
26512292
28714562
8107018
15596648
14346534
7105845
23929434
21700849
11651547
1006270
26987126
43888713
21222524
804058
26117876
14278616
30787933
14770407
4430279
44155064
18686976
43617072
41869852
24761828
2948694
4518526
14667372
27588243
20235622
40189426
33525981
6832596
47817155
35982535
38198707
11506428
16907419
6358202
40256404
21767049
42337234
46728935
26076187
45493135
46554813
8920879
22283268
11766269
42637850
46145741
21338404
44719375
32355224
4530755
22488532
1184392
40837981
39261164
30125947
25660512
34294385
42989400
49782291
15597811
33783949
39424348
47286862
891991
15609920
1423607
41362461
8325270
20726482
15864290
49520524
28756007
16344079
41591809
5327750
4021367
9231194
25133857
33468969
19905479
13556783
10178442
25216019
13716069
43086503
2543878
15976204
48674626
40136148
29777963
49610607
22058004
9010508
18664751
21309660
43191405
2658014
34955187
27843026
43489661
19357896
1590034
15368604
49182285
22231173
23000116
16257056
13812176
36192601
3628845
44627800
16665686
46127268
46726430
48284978
14927969
40806432
25601088
34995390
21584695
12317530
29686338
42263991
405518
4336367
32993557
4696610
12916139
3496834
42571647
9498054
13704975
8426258
6157870
11655189
39770771
36832507
13715264
15858506
34052687
5245533
28604471
48653197
31344824
20901928
11016513
48430708
13256436
16436637
28455286
11840388
40657990
16708057
20340746
19149710
38683016
30082972
42654649
13515794
18244270
32290821
5369782
24131137
26725736
25348193
11258590
31589049
29620248
28366734
33909611
40895755
49320192
29087029
10460828
32346523
1329500
25596618
28682148
5585664
20148200
39942081
36050728
10254149
37101280
48764539
11790983
17266557
25531585
31115109
20525065
30440791
19006960
25175683
37724719
40669675
32268919
4827790
22362966
9170854
47973670
31491405
13134263
10383384
12725575
280554
861295
33601397
49014211
48677106
25116018
32980902
27149245
27905220
26484494
49807797
25041332
25772317
32853221
20656836
43020053
39480751
4780458
27433272
2605630
8353546
25825238
37957352
10895957
13034435
29279461
17130104
48469063
23392721
34199240
47588807
32790858
42612771
46203743
24708179
46738333
3872493
43681586
25859272
28456867
49369591
16561920
16264027
32059621
2315765
24254104
42342521
47416370
45394155
1896235
46806516
44672737
43307602
9924348
17537608
40630099
30566127
45705600
9889660
17064983
16603728
40409559
38811862
44466648
10833212
827950
7833662
6194539
43244778
47755304
25793141
26686977
47383542
39336562
5392086
34798433
12671715
28383351
11128235
28646861
16969903
46428383
20281613
33597841
35782536
44190253
25688510
39331149
20668113
49253441
27622613
48831906
5964197
7333260
42693335
38427322
23111812
9577341
18053718
14061023
26707331
46909701
20676266
430861
11301046
32998991
105938
6500882
4686985
46729025
28040743
35229604
27973816
43924175
19350189
49193633
28920539
11451073
11838092
25142431
12509096
47247809
9014874
13288934
32646535
12212763
33729839
7397965
30243335
38056910
14265559
12457960
13484914
3958221
12262764
12877175
17404814
27433595
29576921
42066346
41904216
7327984
42710340
11148538
5355947
19671327
5751705
25348935
8367241
18573199
4312581
22961428
1990897
39302066
15755829
32071134
32560843
45151153
6765189
637977
4097432
17856378
484974
44649024
39087254
2809135
6498948
14164559
35053279
487343
25210507
40465631
34901585
17839940
32609954
31758049
22617700
40558690
28820146
22585503
24882970
45758851
23023539
21154313
16079086
24240436
44632650
26740961
25396391
40990704
3841416
23892719
22163056
6722791
207010
30663334
46862676
26964904
48668704
9318942
1723386
40393443
8247314
35609934
18754750
46926856
16679080
24724913
30327710
41496881
46049090
44216428
31890095
34555295
27724458
44307180
12612102
209992
42820373
21621375
1116042
42532076
24172991
3070519
49379578
21845628
45495075
29816883
15673857
40719178
32516672
26854633
49607185
41110378
5460598
23376298
28716977
31952002
44180384
46942634
6741471
49276547
25827421
19720812
40746746
13091394
47777619
9607403
34900263
38379066
48094618
33865592
2130423
8580632
33415186
5844505
20223144
45168438
36825766
31326624
11277837
29949795
7763064
32357785
44469161
36283611
16166635
16331346
14202977
11437567
44274746
46970100
6001669
7077952
29185204
48034188
1961042
10753209
21911099
25735567
18814498
14789187
48263018
17289160
44689987
31964109
45003291
8260976
44659365
9110461
35872595
42516701
48681738
33014797
6069445
46424877
22333906
15019382
38652834
40310915
4339732
43217207
23033494
25300736
48146768
49859728
49392292
48655813
25612133
43883806
43090751
37708468
29324042
15661026
15002244
17387502
7763824
19527104
5884130
7474756
5982047
22832977
49699566
39741903
12626962
49970453
7791758
38442577
24678416
8550843
21030060
25514463
38716235
49453724
112643
20857364
4153029
39598243
35943713
12741134
26048007
28433926
21450879
24496337
45587198
8476345
34879926
44543025
40373878
39646307
14907669
7152862
26528967
616633
36124229
30910530
21201452
9710707
19919493
14690416
33543204
45632749
30587184
9893550
40363662
19018172
9789218
44650931
47175306
2304779
40190179
21484190
20729354
33714018
46211165
8285531
18351091
47413908
38518607
32097013
42350867
14475723
33220602
19561907
47254069
25280490
3946847
22356954
10247675
48101374
14134006
49167854
15104310
47003547
49373709
3527666
12013846
32715885
48814685
26293782
20072382
44241541
10683278
1447259
36771828
26325841
22643213
28349300
45493012
31770788
23374499
26263909
26243802
4819976
35423042
48771677
18994486
18949134
46733025
13092416
47050608
36776332
26425624
6531007
8784598
21704255
38948891
3632155
47619615
20406063
30704488
43931745
10985351
38732380
9231561
29654317
46704786
32376117
19534155
9718901
14077183
14638892
13130191
49346417
43703844
612874
24308562
48718185
38633373
6841605
45521139
9905636
25270233
28662940
45596801
11289250
3780345
6445656
23862830
31801265
12054960
3521346
7875015
34590271
43627327
22715400
39821891
29113265
9970253
42075417
48489539
27111580
16441741
2281222
7972705
16163535
26618383
32791130
20313157
46169833
40007318
11575408
43808464
25190766
46425568
45012325
44192454
6013704
31116622
43641630
25642360
18469437
42435185
43835208
29871384
24650635
778627
8053091
7826750
5545676
8190743
32830895
43044253
44881887
34208644
15095137
1545301
39382871
38452166
38428588
32178592
18369362
46555155
6345362
39787438
12153188
25767113
32493541
43258150
47159882
29102195
20022827
38347557
8404477
6673391
21825749
4261300
47900171
36071759
12407749
27201272
47025995
1325159
26427240
37316567
35998323
35573582
32786927
4290383
34822866
39240000
36170457
47898894
43734893
8327495
13922659
44196717
7873621
12124169
40205097
46655150
12075407
357289
37226749
30013292
21092055
8257432
2626855
8644696
38593036
13839856
43797964
10818639
5893564
37748483
17230906
2349166
5678104
8369626
33967040
20037227
24398076
36535889
11516097
28390495
44168329
5744
16665621
20172925
3098167
34859236
19689529
44235318
35843007
29858097
9385515
38726612
32913062
46647473
21000784
35075540
23630182
40679525
36118629
34265140
14082092
46166223
6644392
44467475
3002154
15911537
2465175
12621411
9507135
20113147
14442697
9006548
40409227
37048834
14498198
39713896
24096457
18615713
8622961
48929370
41762703
28320950
4990194
36899717
17110572
17493567
25620979
43605257
10960179
26847532
30606190
5587088
17057692
45400871
28544311
46608139
9612940
35963932
13674298
4735072
42249608
49168982
18079108
42487955
46761655
43323553
12927009
47945592
24974046
37825386
44111869
43471185
34321316
40597153
11008746
28164684
10300636
21230584
29100226
25430362
1738783
40507398
16609290
5202589
18127799
8363190
35666361
7381314
45901072
36800408
27298630
4426459
22102810
42961586
5970956
24348405
22381972
18337700
9820017
15150866
18364127
661919
6573104
25310511
14913307
25409588
7046615
8288181
11793134
35331186
48877227
20572194
39515516
32857750
6411620
35497914
23414298
47006777
38396880
18924481
37013374
18190125
40766418
6648218
3218763
11458667
21340378
26143154
12124727
23164162
49747610
45487187
35680586
37022062
39904071
27021470
32001660
39749261
8561227
17385293
637366
46080863
34464793
47863564
10434845
44128303
8480439
9574433
25420884
38088360
49353362
17942892
3547686
48682065
42895550
24840394
47479685
16717600
45514255
40849368
28067864
47431658
30721540
12287938
29458109
23756634
31451632
33704036
19248143
18510168
28706830
34936518
48215493
15352101
20480783
42656761
5834599
20512598
27280747
20987420
6049234
42592433
5333470
5146796
48986320
16108594
6283647
11080556
38608852
3852824
5676413
49889366
19183128
37189034
33074641
717709
28453061
45434921
34137097
49042983
9155555
32189167
33407143
34561837
45977751
45417547
35729388
46834067
8367912
27210730
932832
41358296
12763034
489242
47926473
28519853
47150133
35857933
23156628
16389747
49592321
44370645
35440959
45907706
40882293
2842463
40760150
30108530
11310015
45266418
35132593
15104098
11731584
5041379
24632373
8946875
34472784
23708995
3416283
28368413
33252971
25440621
11440987
25050646
7598974
22680019
45571160
16761462
36179707
7909815
19465917
20077497
32421950
19699476
17767126
14298615
149943
49528069
42357536
38174338
26415492
14593709
20456112
43149232
34596568
2377610
31075229
41456414
32767009
3858542
23873582
395347
41307537
30893827
22048740
20021975
23749342
7191660
345908
23469427
48481699
12492834
26982334
23792263
594837
6800665
28910756
33020658
13256984
5687060
35507071
34515338
10315350
27562891
8310941
32709678
463754
10444181
44065926
16786261
15172996
31588055
26532083
25119485
20084675
24460894
28745511
12226031
35999034
18084611
7294399
29432075
44042183
29484731
10860518
9386814
23738942
29122575
389919
24107971
47594912
13318737
7426647
12721632
19119301
2701557
8971137
26477536
28256576
49923895
22227364
2121081
10758391
44708250
13354123
32164943
44643696
17837512
7972018
28259230
32820788
36918176
33256980
45750562
47937270
8551952
21802846
26835227
33679161
48720671
49787611
26095183
8819292
7364044
7239678
1419502
8464012
10438248
23093541
33554496
915967
45931836
15871579
3492336
45520636
22960695
28834335
40069820
49488196
538811
29147295
32225209
19425778
18939691
32610161
5544193
28786479
16626041
41447319
10233816
48939045
34308726
12539980
16741434
18866909
7718862
17685249
47040347
16599672
44716681
28800370
13315236
31802411
47409790
6916569
47053043
49020122
33711062
41010258
12159339
12661363
39674507
42205297
42579045
9980841
15393714
8084015
8878223
26929659
2574729
18378545
12896808
9811930
28608710
1185234
41370426
13397850
6102575
3419558
25525036
27333253
35230221
20565241
46986867
42500714
15530848
14883086
22560515
28593468
32158250
4117112
34216375
28660374
43209598
3466543
20420557
7385664
18068801
24399184
18827792
23556858
47753703
28056486
16573786
21464160
3191457
12197147
2744025
35967
3498429
44320759
49979644
21584870
14225574
19147299
31679289
18801177
40702992
6762005
28917716
12404404
16929088
32969670
24399526
22433297
20425034
7484560
6501993
44892311
916815
45832773
37028540
8744829
22227245
24197358
49747272
24252136
49857325
39521155
35491334
40581658
24937138
15988837
43637429
18518488
14095098
39213537
25773118
5853986
7138071
8756729
42248966
49834201
40388473
8076845
2754078
39363474
43913033
12779784
12947147
47288937
29915106
6619446
5025086
36680299
41541084
23011495
20231741
48677460
31822925
13555933
35806443
48370022
10312779
2940115
8578658
12865222
28065771
36943141
47754879
16946701
37604188
23309563
24562653
30097134
42269502
48138926
7880524
29267906
4543842
32401545
28118895
35149125
33814106
1468001
11202828
40208523
18397805
46755165
8652632
19438511
3049779
37995347
4079777
46560355
12763498
49708557
26675361
33220627
45949057
35733448
34459577
5032195
11107741
29376567
34177094
25779900
37748643
26189028
26900520
40749737
18219668
13886476
12352485
241630
10737625
38379425
14616830
39736016
46756207
594675
34413137
30564129
33810639
47496570
48357251
35237068
17370099
20361513
14786522
19888632
47530170
18019715
37054223
7992895
11482939
15027653
3061002
35806996
15986459
19585274
2623332
42923861
9941473
18639925
8923561
18148577
3457448
43111616
16710650
14091010
35876060
7797034
93951
43529864
23317775
42458631
40611570
24770565
21780980
5586556
47342736
36861228
17719304
48457943
8966524
27403428
41035866
19790093
21785897
3842885
42007151
698483
23856072
14715606
49021461
18769667
11860503
17179012
1049483
36063546
44111838
39141999
7143252
48493014
46178644
25634311
43877436
17270143
42025561
42567526
40556686
36968785
13835098
29674527
14806837
21760925
18038428
13684749
39034798
42265208
26539102
10444924
29934307
15550678
48976849
48740238
29118777
24739014
9954540
32145610
6287502
33283393
12181169
30829150
12417022
11818581
12674176
38229102
32918133
48954575
12106886
43457304
18927671
1412462
20814502
10933287
11927546
26454137
46128408
40790251
12606269
4660989
9631624
4835107
28614888
16458708
30536156
43293188
27011608
6726578
48607416
35351512
9213464
48772350
791116
40486344
6692765
25358772
25769171
1390223
7384360
909465
43250464
2935346
8870387
16666014
5610004
17962124
9572115
42103054
40240972
905763
630568
7136287
36397847
49400951
22708964
47476554
5701919
13577577
9343575
32240806
37772308
29818228
10948440
20628259
22263791
32138999
10369215
16361737
3749743
36475443
46442100
17948713
42109864
36481246
8259460
1423240
2988081
6899820
36550314
19913785
6883095
34329032
27869284
9518389
81231
15053375
1610673
15211913
28664575
25862621
9890272
23710228
43980775
19249925
15158846
45930481
25819721
46088107
47972853
7543620
33005522
11378917
7391080
15067449
6827406
18912237
23978529
5119733
41318712
22395893
7942401
24192311
5691122
2908958
40567738
10140350
11949928
28764767
35599955
22471006
40239247
12171233
45595999
28537680
10081097
44779960
46114577
20237603
41926819
19260618
23379769
6974127
18192763
33504154
44408065
24770722
17810759
47734985
5125071
146216
9975261
44013627
9837429
21492018
9917362
26212695
29977222
48408542
32107030
4517343
7594311
38778381
28685897
48768532
18688219
9708495
6069798
21679749
8558781
12205247
25838082
23663175
21428921
33165637
28442890
32298729
46534686
27779336
40382298
42721785
22378469
9275874
43886126
16502616
25715126
28095774
36865535
33359972
36154717
35820743
33057922
35733756
35984617
15442725
25811900
5611492
38987831
47977541
28309256
35362745
38780633
46539928
14719256
47183795
5855265
15783541
24273911
192343
13641869
1151231
24320149
37471878
31804660
8965254
7392467
3998172
23444318
24216808
9351573
19776802
30896143
9673089
37010566
28257999
16273727
14142347
15071793
3749083
9247691
7867563
46693056
47242149
9601708
25330966
49196270
1768111
46715994
28501723
24943308
3629473
47070277
7114201
44476221
39030992
4950642
31999291
39857677
10614825
2025732
9857399
24511126
9480974
5301152
16444747
5171766
837366
38197236
27950499
10047354
12242303
31525379
49899330
9402785
35396574
46879833
20099623
31553549
27616808
48490009
22638304
29794568
43274961
46657240
886471
19244748
7466981
10461424
4026587
43114379
2155478
40545405
11648772
33775586
10760827
729312
26601330
28428710
45627556
30487324
37188776
47741701
17317736
38390643
33680091
20537593
47603863
15254843
28432031
10522714
18242043
6169757
34997344
25337643
8397559
49870930
14217970
26870553
41543325
3757885
14690562
26326202
12327482
37533606
40606461
5181426
46467964
31436216
32038865
21017804
43801954
43076566
27185794
25532915
11061177
3668954
24929477
43395760
28469051
13068150
18113997
7274662
7006171
5221647
24340496
40479408
22513124
1882329
16074582
18938588
10922667
36344009
7144716
4383497
14221037
40071426
736656
20744701
12599275
37023383
13537599
42841559
2172100
16128621
18063561
5706896
38260293
37902874
3011481
37831907
32467739
3065576
3224509
21111128
6255281
20710123
568999
23934320
18951691
26718482
33568935
13078426
21103890
26215496
48700107
23879838
8691733
47154502
45277441
6535052
22234389
27332540
49757959
33794576
6778190
33700537
10078858
1589496
39404683
25643086
32007778
39349834
2510429
19469584
10819494
10169532
45793344
31078534
5285016
42006978
6260645
48215218
15540406
14471840
45731990
43903973
9453132
48221380
10807684
33663144
34648361
48903616
40851779
43714374
35117203
22911994
30029890
8804522
22751296
19518050
24180423
41840416
28917308
2685222
47832682
45826865
26013697
16046444
14013717
40962395
40726831
5033051
10227487
38044074
42130251
33388193
6536810
1002726
9571237
20773034
36717680
5849726
33481437
6315885
30521640
21053307
11389559
19837931
10836237
4574265
18798357
38689042
24382549
23714159
5988075
4773718
12024987
47691253
30919817
17310337
31760006
17181636
29665165
43640364
9425256
8319234
38167057
32766508
2657019
24392202
19235084
26906577
27449757
41586257
45673273
8655987
29583446
24610987
34391902
41918339
21048389
25077450
5602957
45781729
27728997
33953223
30205183
17638052
45805532
2863911
41648683
43209170
3829144
49730526
16429378
46959113
37634680
533044
10372497
7066431
19505904
25220968
10617013
38261028
26795257
4897518
14968720
26053206
31022991
44905936
6274890
23416832
31264518
31439746
43116405
35911012
31195758
7322857
5759455
12097942
49108800
7271135
26638521
29065817
13386274
26945584
22060070
4326613
21292628
22979656
40558547
32634708
14269707
47129942
49746780
31958549
7672319
18681436
30506258
2569086
36579783
10451611
31538990
9765267
42964196
14325740
21487362
38131699
2102069
40337624
25520484
4187612
24259370
28864177
31769985
14322431
3629082
14193049
1539662
45880415
28381706
18109202
16916219
42660254
11818250
5609718
9511871
4647898
18381476
27183687
5483407
20021045
47795384
30294347
28167059
35217253
14368338
44939076
17411210
12353286
3606585
6203629
28758451
22952518
19924958
11041643
13328178
23439534
28125399
32321325
31910227
35937220
46226633
10783668
46754082
29312079
23803004
46499830
38273319
26114608
666494
37641930
40072626
13325136
5221656
48501167
44826205
38821765
41373447
9705100
21725327
44564511
49281838
49850905
49440396
49199296
21240983
952060
10100307
30780090
9897659
33517233
21233772
7624030
45227706
27272147
17636392
34943030
48471797
246753
30236502
8436740
42566688
30153937
42876955
38814226
6539496
2448534
14671527
12593446
28197543
46737707
36647228
11146853
40328628
25337394
14504729
23359628
14076963
12828465
45609081
38710839
964424
24847489
24413834
1086579
20263152
20600102
33694369
8371520
46930381
33496093
43547727
30601475
27786677
27540594
23604134
23636496
36404347
28578257
35109334
22536944
7608804
11798666
30791130
28748339
25039761
11871235
37094666
39922515
10915737
36424202
29251156
25606283
19127902
44265384
46207854
45652943
29359705
42554218
19008477
47116640
41632763
6658883
5880092
6966710
6015502
43595570
1102365
41356535
27600513
6957533
33313172
41864235
36556464
6690894
42515155
29803273
33780021
39005927
2190135
44809270
19455160
28228732
14218432
14957183
30509696
37016440
25573836
7684041
13123827
31512595
8351066
23529287
31134966
27711583
43275784
47233566
49737941
26562264
510373
25141921
15028132
34061831
19032372
17958947
44203392
17750234
20629044
27831156
45184454
16210446
279010
27820428
2192758
1042207
1761396
10292847
25125945
34827035
49744140
40261674
21305117
22487507
11436073
38398851
28858134
16229013
37295053
26263887
12929222
41357041
43247259
26395108
3461543
38779101
28796579
8648352
42699593
26200087
48862818
11657970
27052861
21349005
34713879
10632975
29353525
15500103
6682563
47648963
8477883
33840119
7943861
42375294
38717370
26307493
42098625
17463749
37104862
10673879
21636210
13674277
6258200
6258937
1720688
29354831
774312
42204372
39814898
10270920
1866858
41479966
47484617
36485244
5286335
38372436
25662757
1697176
49817570
49269260
8760930
30447713
42578103
42379369
24033119
12519507
16087465
43790060
14881743
19926134
13007640
35931243
16458747
48742016
25374330
17480500
44242037
3472809
18452579
5567579
9648211
42106654
1552956
42841399
38879829
6940349
7444490
30811541
39989801
8233207
7185794
9518413
18955775
17582166
12121721
6226170
5192981
33168225
24252965
13956797
26226160
6755966
32952934
1473509
27765967
4937601
32649624
41988861
5121259
14112725
46126367
28179491
25182896
21044330
42516943
30257947
10811484
12066607
20049109
680505
11990817
44269464
38070447
42360016
40711920
2110607
7865639
23005621
23272263
32474718
41205179
40264841
36673840
336523
10629258
35013954
49774433
17079276
8160011
12941628
40675407
1983420
35967278
1546067
34762052
34342608
10223770
14516087
24487398
7703324
14559792
1979553
21980821
9298943
14747920
5599750
48838068
46412607
8494658
17957698
18365448
32317944
13370606
6171993
23391023
47518686
37010346
43749916
19751541
31342777
33272691
29263626
34403800
26839665
12955652
16783469
11607118
13279265
46107647
48143641
18863146
26362103
6905141
39167973
39431753
20910126
11116794
13813140
48456651
32737839
29089793
29941140
28436532
40019016
18231730
21390864
41802849
7218171
40754923
25705773
28810708
13403036
38060259
23683760
25096065
42459677
4312837
30158952
11223895
2265597
34316576
16982816
39384130
27501769
19694678
40525843
43291793
35601132
23639323
26729910
2009238
7694030
12073170
21654768
28815662
12476539
24007830
16463024
4874812
14440766
44087479
24941702
24962102
9733449
21102578
8207658
646461
21380157
46190524
731557
48103811
22070053
14346026
31230898
38082218
21579611
15612794
37691063
4444967
25876568
19033032
40386244
14238836
35383980
14593725
6906859
37645303
18659518
48067774
40795773
45053200
5021368
38517026
43370455
28303174
45777100
29206153
21326077
21482986
13297651
13228719
3332610
33147369
33463902
3140149
18415711
28268755
8003339
8327720
30385896
11484994
40361331
21936195
39672822
25693135
15866008
38682478
1427320
19128505
1196975
43195736
38638516
311857
30988986
19083469
8795158
27032176
2483579
35800366
35400846
2625317
22641852
43270164
1092017
4660988
31534011
6383384
27855473
48536734
20199654
18433031
21286239
23207889
26866656
5353088
37342742
21016797
33139607
41092145
3159002
26395763
20028227
46738435
30506466
33107262
43023302
8147886
25092414
41471736
6895009
1965498
15033351
3210103
697667
9310311
7055538
21666705
46143983
48603822
29238157
15189506
11421357
5906704
12828511
48594061
24755088
36074933
331610
46187090
3522612
17427347
2890795
7435905
3221454
20420564
5035997
17698430
22100895
46165638
41121000
25471605
18113493
46886605
11431233
9245142
39154883
30916637
8046450
8475093
21430055
9932213
39200322
27735687
42741882
29982882
44844510
8212335
35014971
35405895
16141257
38781189
32073127
44377011
32890313
18826830
21603107
49047493
32393874
15155231
6160553
17704127
19879941
47739998
5556231
23690081
37481324
16265597
44257007
43428447
49343020
13817128
46638318
5235616
5042857
33192432
4044447
14258989
881014
44996425
14504607
31417042
25840956
12610927
32725342
7015208
22847224
14003035
39629336
35409634
34489080
21029170
20926252
47547461
30468900
43975725
10334694
33857189
7090756
8728215
14682403
24403723
25875552
30362192
41639579
34457990
13624492
26857298
12613346
4606308
18645423
28393358
11019030
46054533
20612273
38738075
43512246
6849424
9884448
30934109
7192286
49997850
7395343
16143875
1113199
30926908
12551357
17901739
1918392
31959955
44418386
35627118
30376219
23619424
17822688
7940738
36930296
5641627
23785184
28955707
14231512
10107942
26637389
33701428
28913750
34086394
22396881
3567312
29617868
18293131
24815563
6564101
3297355
43528270
25670654
49123798
28359427
13014533
19730403
12713751
27024211
11854454
39865966
18517062
35538356
40765156
33126026
34803897
29096079
7327253
45711911
3346818
43375471
16706367
7454642
14735750
7730131
3566017
2394980
38603067
17862921
16023393
4418945
35710757
6780144
18485774
15197811
41622311
46943476
48038091
27149523
26300508
26366096
6798416
14756455
49252832
46418115
18003092
33230409
13804656
11477571
13661721
23329265
42741584
19326854
47369018
40017916
19325920
49250007
208500
6324513
12420431
33771876
47007830
41749657
31994711
49599542
20489961
46166600
16013484
11424116
21146843
45730833
4661023
11183389
12572472
22290567
30549052
9518297
854621
44696611
31849915
28717398
22417996
1397668
11912835
17705480
5165845
11457170
45580539
653231
39863013
23631961
31798205
39135130
67545
32769752
16610145
31713520
7340772
3031746
1167080
38068627
45637133
19505768
15320128
35250220
33765590
11227632
9837017
6302202
6710382
20441514
49404639
22526927
30374571
32927761
49312602
23540519
36622320
17269764
44520594
32648015
17014571
24447045
30786244
910068
23664357
20208764
47657841
22396838
34751055
44556061
39979674
32504505
7567269
18115197
46022197
34850232
48869719
42936274
1390986
9925428
27536040
14781105
44249366
9504840
23970912
33408957
2073979
16399247
38761021
49728504
46694757
28905166
24120265
13845065
49953499
5991077
13008525
25352271
42864698
7243172
18382722
42069992
45553601
36568723
30149957
35360124
11740848
17804609
45571374
23410597
22226167
26241327
39537044
28004147
18538633
20758337
12789117
2758174
38890718
34901827
47099394
23036759
41095284
8251792
29088984
30536392
38028073
23286631
19354771
7394766
559346
33482427
46004920
9873802
31294037
45695975
10081615
35110431
19446927
41862184
37456200
44581784
10912361
20377313
32670261
19344800
4336341
19778778
1046390
30457909
2748317
14584456
18992971
39800364
8283636
3569742
32773719
20523335
341602
28878478
23639469
44308851
43066
3348871
16873416
9242153
23502749
19009630
33688197
44649273
37631238
10404359
5771596
47861849
18164284
9572695
49194365
13202155
28994439
39273775
5416891
19515395
14687298
2156658
31754424
23798968
16691889
45533384
42751344
25920185
28357744
26784062
6585978
17532924
20268399
40066597
20853128
11630100
37843201
29247136
45561767
21641261
38800160
9339969
45856910
13388667
16778590
9106054
27938247
37197356
13389775
20203948
20467943
5744381
19953758
38028252
42165764
30947548
36630078
12305900
25230649
29319382
6445291
9301953
35337610
29655498
46582505
21022555
33810465
45980531
47821678
23995379
31432376
23769548
28700394
31309814
28219659
27531992
30956246
1857101
37507757
1773160
28247372
5934370
9434541
41285948
20293050
16283676
38944780
34373618
25039067
8541273
41667207
36458204
37955070
19685930
3592743
26350923
8451413
27040990
44968258
399490
31058508
34762949
30884893
3647116
5681377
3670370
18131128
43612706
7183933
22379697
39885463
6536342
19500289
37946266
32310765
46344907
22233678
4084567
8149882
49692299
39233017
45259092
34280610
49617841
48113794
3558131
47081746
13761644
34645894
9673872
37718488
49689023
33239334
9153835
15001757
45344170
42927403
10386809
20192536
42160438
20863532
48260807
432907
32544790
41853379
46155780
13468742
7697983
4505829
2398
10269140
40519707
8122484
34884703
6500410
16589721
13709917
6952951
31792316
1654663
33943967
29783981
26220367
3734822
8174627
20127544
27149385
32461869
12350981
15765743
36689709
17466528
41121633
45722643
29469507
44168326
41416809
8267581
29014767
9814429
42694471
1453437
12402247
9508400
49969160
44121755
16151890
11460551
34327192
49772278
46951286
36687144
13445332
31954451
32243560
19464001
19424597
44797553
6712209
39511271
33082265
24651732
44808567
18467109
26252266
25891996
46818682
7203188
31136078
27977450
28510059
9943289
1877081
19020145
30674274
8061554
37863432
26134166
739517
38959252
20317987
2287309
43292533
43649105
44103373
41599207
29828508
2860973
23805319
9348503
31400716
48524090
30759361
18582717
612038
10624310
24008041
33597274
33769559
14145217
23409860
47393933
35235890
26214356
34429879
4212141
11710289
44017997
10160466
23613396
44018946
48265308
37792208
22769440
30835299
47995075
9397880
18679092
44187427
20329282
26436111
4577504
43294212
32463556
25268014
31658763
40657356
44222851
12104732
38657321
47546644
34022868
44218374
35261274
17396365
8685363
46826467
21748415
39517197
38971778
23360276
39224678
41438049
27096806
4534546
3015145
1981179
49182578
10682369
15549415
6478721
44644910
7128334
33516443
45588548
31971537
21720415
15538023
49167113
15879112
7075410
11676807
48866204
25775406
28189493
4319793
4155828
41064159
16809688
7682207
2511099
4891009
29630474
25120333
40703762
42365428
1976992
11681456
21552632
7225009
46890691
30166082
25342251
8940019
42774908
38505703
37343952
13403952
13134411
16944650
32957367
29361126
45556788
19199132
15132818
13501818
49805107
10877649
29129477
35469012
12904755
5772592
39064605
1626925
42219239
44872897
6456285
13659314
2230646
9432997
351403
24129732
27382255
38137635
36680421
4829499
22864751
12435566
45792487
48987936
48874281
43099487
35443850
33297774
12759873
13923398
38276889
31791676
33611495
23629439
23923318
41505415
37493543
9252538
4506676
29452610
28689829
41974630
25240868
4755847
38195174
5244144
8535738
34711851
20013676
6772159
7913982
33468014
15473528
3454699
40365284
36274894
22207653
1512802
15033811
19454625
16869952
26201074
47195875
24018613
4560238
10594009
19331985
5018209
35864576
38611481
16199974
34746270
41020117
33557588
20954028
26791179
41516559
3801598
36637523
46809636
7440661
39109203
31606847
17653194
43837659
2011793
2165922
22685834
28280059
17507436
13456084
22450684
3985729
9347503
13705867
36714412
49249363
22119698
44515735
4182797
15812004
33121925
4893036
37839750
40936523
47183628
2373110
23209305
4748832
27933407
40141009
49612873
41099661
5408539
37005524
32129812
8688222
18153513
48541841
2801191
6983432
2389083
33326043
34064747
15115940
43643377
23505397
28958521
32050698
20362062
15284390
1439034
3714917
1768576
13165035
35848608
40811512
25460325
45764302
45875290
49521214
1214327
37077378
32358107
3499086
25979506
25315331
46670226
8404541
28837932
47065984
28644318
36879337
9245619
7756659
29390520
7918348
41315788
24676513
23608168
12995340
23026773
29294687
3887115
15983334
15571501
6173400
39501452
674422
15242162
27720357
35984954
38121099
3072226
999827
48306764
16772010
3817399
5141324
3802027
8503761
29430989
12119425
18964697
2933963
21080633
23465788
40427456
43970330
16390962
19623487
8705111
40676284
26697159
32125106
44129638
8212540
44063030
5154220
5125634
16790562
36483480
13815097
33214141
47328876
49339688
23955068
14783231
29765590
47857605
20315124
24624501
37004221
19641653
43865299
16388375
35355916
17953988
21398263
46826667
36334027
33785651
7004702
3623715
23262313
27570595
47345417
41733110
32628848
18775978
5264429
13660342
9202740
34963381
15471006
20464125
49788649
37108899
14144512
8237484
24990670
48647939
9526859
2407040
15777647
46864936
29546518
43614595
30451520
7666427
1428726
33481116
2265341
18139432
18654073
39476130
25781661
20160366
5670251
4007746
18729581
40919479
25765528
33242881
1264901
25675060
25814315
29797662
2980679
15062482
13806316
25456204
12376674
44286865
28929624
35734931
3507087
44318860
20478142
2100918
36342751
23340769
1744302
40851804
22563229
17618275
39658564
14532033
1835103
22880392
48706694
41710209
29130349
28692342
48937539
49352832
3833165
7328974
37130944
26045660
48405425
45497766
19288329
35887230
31105130
28443088
38426708
48266052
38138174
34823654
17455065
10908471
25588010
31362153
15987139
8849829
1018943
18837468
45808427
18414192
5740283
16772695
36426999
19852476
22651414
38324708
26481240
2590820
41308678
18405942
24272933
18035331
44240174
16811663
43824177
40802136
828066
8342064
20595387
38147436
44343960
21541235
17751473
11998019
29783498
31052902
1158749
29521814
595304
31302227
2483282
24073538
32226209
42798216
37353360
14619164
27421414
3931563
38894307
5338303
18551956
40958455
37007042
21073965
4297887
29557397
12066438
17314555
18531735
17417490
33214120
8537758
15261827
42301281
11710184
9858413
41469877
44021950
3327237
15614386
7680380
43929520
2583812
12365178
45932085
34005350
29548630
38915809
21295955
2815593
37138565
48141062
15297630
4081084
47952611
17384871
17276848
1081674
45525837
23711915
36268407
48205594
3001987
40304165
15750241
23469961
7325839
5199539
34020031
29783767
7595555
34295015
5197598
15903374
13693023
21863334
38276609
24921506
45702229
27915254
4791116
43076311
28620276
18997474
9601903
1657228
21913766
40732850
24178449
22480517
27389649
43753519
25146740
31587139
19734238
41736103
2090940
10758413
24716325
2993767
19520133
10070576
39676603
1713646
7129117
40871860
14192160
21012174
34278950
48034377
49797692
34103536
39022900
47837900
23088990
14419597
25423503
39103414
2187719
44094507
48738469
10071343
25574496
43567887
5264354
5188284
15071378
37943513
33789038
38549967
42300354
36791297
49254636
28056883
36169490
49193863
8136439
35417134
3451511
40741928
31697475
44238014
35195116
34919159
29596179
21269442
18064548
13087813
38603955
19667281
16376510
22057645
16312377
24291059
15494814
30589643
21126971
7745500
46511352
16176357
29863948
49177265
27509657
24285435
5347912
23621289
37611643
33933159
5130056
24313341
43844231
32491061
40615533
15458517
30129735
28108565
15419156
38207913
8407484
36078794
16437910
27354745
45238431
39242268
44687972
9270430
40637483
17467026
19252541
22922497
21061739
7916433
5469774
27414160
28254349
33891718
9958861
38655496
33165218
42455066
13294550
12073940
30472066
1041011
11191810
8106004
28093490
17674874
37217153
47740031
31531790
49852089
6777686
8482424
2286781
28952099
1606015
46308243
11202862
4899936
8883722
34554160
35521373
26045900
28344013
23781220
8553227
26999072
46770095
37375665
16202424
47780406
19689198
7987946
22602823
22591562
39693418
40853022
41381313
7232444
48464653
3035852
4949451
49576569
23820805
30124858
27439120
42334420
30182462
49707368
29238672
19414001
32018046
46983836
9033226
49220537
12311175
48567187
39564578
34183511
5623019
10217755
522360
39832688
39798798
24821819
45225141
43580817
30435694
25459399
21504156
29433080
11859632
34136079
48488383
39465441
18743479
6502757
15586944
19954724
33104366
22891990
3240551
37858215
34740760
35245150
38911614
34106598
28634651
19143288
21662748
25774352
21379429
11973284
9609760
2814173
49299901
49055567
14138543
28892894
34838560
18673461
38596847
41303997
21096840
6675088
23309971
19111999
11112729
7955830
19316829
18377663
32657572
29455206
15007782
11362926
19359487
17409988
40679394
7121557
15547420
44723604
18698458
9462561
6440843
13881008
37055063
34138158
11331496
1835437
40157378
2667246
36227363
36098928
13095133
447289
32773682
1729887
24799449
13632559
18913797
38330247
28622104
49129691
29851680
34956599
8467711
30457318
19793196
7356131
48066786
47400482
8049078
29823520
29008878
33101821
17653427
5829334
9181704
18686679
49099111
44876744
7815677
23737827
5306103
49947621
14927816
48812412
4989568
21952366
10517785
34028234
22504098
18529298
30431459
42320458
49360030
34416387
45102626
4971997
47433204
46166711
21126538
2574086
29083482
6740335
47318709
34983638
21308891
12777440
37458175
44367713
42015573
2391505
42580385
42096389
534899
16502993
9185505
39348839
25246964
14778014
45187596
13131750
17803047
31548913
10162505
32514727
12556396
49228426
33334746
18964945
8844408
13326008
42598878
5953343
34648726
48538742
14373987
214596
29146642
4513829
32929727
37429109
41018093
13995352
47646658
11953099
2604680
28062200
46169669
17654586
41163117
25520847
42347465
39184797
15751511
42796306
23401116
32496332
35598646
44086563
12083914
20139410
15562100
19603569
44827099
32551824
32898241
42280431
26320773
40120506
23966447
36467852
32276617
19825116
6478237
14692181
7540851
19278456
28158480
30009268
21837028
16602483
44454134
28512228
7772495
11824210
31187902
21401418
44332980
7619293
23325605
46772771
26715323
47299591
8593819
32463158
32827938
40336374
27649049
46118685
15761192
1943645
19523999
17980068
34056905
14435532
27447918
4080439
37732451
21689051
17556033
45297750
21315009
27597118
26264961
29658868
28534642
26754931
17495241
3666385
18006466
32581717
48867794
14693366
22806382
42699103
3062081
20703801
30040368
27501989
14851867
38420208
11175986
35971232
13837904
41962269
7403157
41158134
40986834
22124732
8671496
40598261
36223173
1336804
48467951
1417186
25446886
6056758
47293666
22366586
23669340
37104103
4259051
43951716
3302778
34805947
14123961
24299970
35934964
13317072
10535617
35950140
26543321
48172120
15390377
19474154
10831652
25090660
22246732
27742489
14469686
37107926
49213237
16690227
915426
2420952
1344083
35336535
6880051
33655051
26705129
32541086
2837711
10532436
18997831
20231072
1627013
15435392
42382974
46175600
16596610
2266806
18284365
8297531
25357538
43974827
26893942
8804227
49695842
18119305
5698660
5135647
4958692
33857072
48460176
47210365
49166561
27875683
1352526
989306
49838532
36352736
40592265
10190319
6412701
49383629
39473153
26247882
13038185
40647275
20950698
21724935
28531517
34383606
49894325
1572493
20277212
18391168
30796638
13600733
6689361
17734858
44026819
38668208
31635144
25271906
19544697
28825579
6245313
14915145
27268394
37647823
18693706
32437039
19087305
47169444
35782710
33996916
16415772
25662991
1155115
33355448
48825556
26417082
25014003
36680459
47954569
7268180
30351351
15036471
38780837
1670467
26665616
15577012
30003387
24818311
31997932
37792578
7311408
43138825
20844674
22309369
9648327
42272803
5612621
6401451
37640385
11358560
13937292
32870692
39823041
16775141
5629682
9484535
27057965
41371842
31777032
35125161
48521885
38026515
15598099
3954925
33112706
16913036
27639363
20901390
49694862
22673971
10107400
2450127
21571675
46237848
37937472
40180098
27282055
373917
17994901
46331783
14040798
37742664
32797908
36613842
33542050
21006161
43755560
15820201
21598181
30962154
47571339
32413337
34522889
37232485
49639421
49195451
5464965
7049377
28568381
46926248
5201237
25211866
8541784
914328
10877886
34892518
8152231
11153292
13245118
29366925
7627903
2621404
28466389
33231273
11456967
42021217
35204580
32694996
9386209
36714258
28061395
26803662
621331
19914626
7890882
29224529
19745017
48314558
45411440
18193727
35063048
21634969
41278696
24939790
37836676
43635575
11136427
9497087
19474778
35114798
45971176
13721203
41204832
47947594
24914389
34854989
40568503
16860390
31682770
31063364
14134278
22157816
48327125
9082465
11021841
35190444
47988304
31800907
659090
21319684
27937619
12027640
10089757
31574282
4499517
375974
20927264
47074496
12594619
13372626
46576585
6298024
36086551
30775696
22215393
6356189
4100876
41941214
31453530
39893165
10499386
4480995
23518490
42704293
37524331
15168585
23149704
42199515
948215
12927898
18426795
19071507
28599494
39223011
48944047
20518558
24647396
41909550
27062883
17095943
37655610
36307037
43057005
44249410
13595460
5199336
39771340
10228856
6910623
49033635
14525143
18789513
11967207
17645446
37826568
6866723
8502969
35052156
39414182
43273819
25699107
22156677
38631602
39739856
40585779
18605095
49477053
41331491
44862070
31769797
14046337
11280961
179235
15557919
14525276
6129609
41266832
9830890
9618939
11060776
31907850
16569
21698839
5220227
3502359
9192233
34339960
29507032
28548497
44616808
31654520
21950597
20304347
33579606
7871636
16157997
37590705
26390338
25320817
25872472
47395274
31841681
23823087
20921984
35029869
21271627
35613703
5247892
40626432
14354545
11147878
42531578
18638600
47737736
9588784
29342899
37613571
29638418
32889620
46647356
16813392
45994242
8069158
37440378
29220098
43761163
23365999
11946212
1697557
24540852
31277824
44965564
23219102
48888239
28459390
14346532
41404439
37567142
12816722
25666284
25112532
12012864
716216
13142339
29667526
24225723
35299438
13078755
376787
39338440
20829969
22042012
6315515
24754275
17029569
33741892
872048
40719943
18322589
2250040
43434074
18451679
43062019
32127355
26729060
2947247
46674154
47262391
16981091
18399496
41961189
3840440
38398413
2041889
48186146
31595478
40771741
42428915
30499686
32903510
11661574
31772587
43456245
36613748
6971759
2563130
24798999
1935218
41132399
47869456
10280526
47354672
49405290
11872074
8834763
5558268
28157041
8014596
3761319
29754596
42780436
47686948
4182593
21088060
6541469
36512826
18621246
13031360
43963369
41205098
49489677
1119005
22324771
45096549
21238634
47600920
11355730
39382670
48461697
24579064
34651023
951015
44593529
27056489
27942705
44810097
44938860
4126083
4359051
12947981
33656821
9899495
48919482
17893636
5635046
11582000
29755996
2986912
18490202
40837693
13333419
46218997
33921239
27464406
11607702
42634243
216386
20881899
18371935
37618505
23534059
7899693
22914490
31289662
38129464
46727379
5777755
37996321
31071766
5916450
7802191
6077496
12247434
48959299
5799392
12459359
21307152
39671308
42052089
1349384
11363937
700531
14597914
42811807
25134255
30893507
5454270
48605392
16557914
20654923
45693796
43105192
12823570
49533757
8907684
20836436
3579273
25455095
47373086
19265383
11945650
18720918
9423836
37919191
21175598
27781915
15163946
12632929
18307261
13369741
11885792
19792576
17404960
46812337
29500946
17753326
6201670
32875672
23833923
38835644
24401670
23411546
43072209
35100805
30177055
42347467
46106467
11440361
2464983
39273651
25882595
10449135
36101133
38165571
14137342
47123005
29115410
23281511
43352863
45769438
19373593
13921531
22963391
46952975
33807115
37018003
49870731
18048938
6090634
34445133
14141315
17328440
14646841
31386025
17505075
2110444
7737532
34697285
44179926
42353323
12510806
31890793
9382846
31356408
39380876
21675558
24983474
37833927
25361123
44178089
39486238
2271622
21634023
47062662
7020459
42243158
24084309
530048
10653567
28280198
31909993
22462176
22593666
43478580
6724826
12556843
24025279
20553811
10921677
31329186
36693659
12493036
1459617
29461377
41380154
30631552
39834129
38652372
46607003
29190242
49053552
26798818
31780885
16346964
16950007
48544705
25046021
40328531
22674628
32383893
45537113
26920931
20144291
2693011
15723813
34021562
7238049
28251893
28581279
18076511
38754565
26893887
39800662
1916307
11007598
34373454
11165892
20171769
40054004
46817259
35170781
13318570
38117049
9364990
8716827
44520453
22357126
3610465
6066552
20754997
9493285
23226544
30783745
26574700
11095921
30909521
56588
44198477
9897956
13449056
11547319
20218717
20637773
5393895
12387872
15850013
13644709
29296301
6050999
48595838
16423723
10344023
45950352
37268790
25116018
331840
32034021
10692444
23133223
6705081
31594901
36898406
46089459
26444068
46894317
14260090
31695917
44858039
25252502
31103885
47393899
16290142
6430699
26009647
8623651
21364558
8960798
26835733
21952105
19004869
45281681
49014444
28493918
40059891
26430852
35843864
4808808
23277864
32769886
44954664
49689358
39354583
1804980
14877637
40837244
11956119
15781160
24772069
24312230
22807013
33652139
106808
40974427
40209632
26721460
5185479
43323959
15439971
9266387
33551057
12614492
2969429
14175564
20262712
29219243
6231083
22789276
25774270
43892214
12071252
28569005
10116500
19123620
20877037
25958751
45316801
32256015
2337179
17516723
28302285
12047248
10975178
26723834
45791049
34718676
7142435
31200436
5545910
23238920
46041086
49168697
6805182
44014598
27143762
820373
10796729
21409459
8639564
38566272
34022211
25769153
46056724
30513870
777703
32624263
43876933
44976022
26957860
28350615
3658192
20330935
28520007
17357645
49799141
42554885
7781839
40509331
30217106
33692784
25019885
31779222
47783088
22485733
35904865
24485462
7494192
12001721
28458530
35682565
25734360
45279621
5369322
10092317
466860
22623452
47483866
39604500
17303120
13261589
34554106
41239748
48830341
30533821
29184844
3257707
31189730
18905505
2673917
8157181
32857938
30886904
24635942
3360378
40220238
46062696
24783065
16933367
28568415
22646676
45298235
19873919
1579096
36423237
17933874
11994247
19678984
23950173
27988440
1175681
29982239
21785723
19977193
42680078
2390089
39982047
7494940
23974273
49117269
2457015
35652829
49571998
26589511
16685058
11759733
5640291
35902251
6346660
8459384
48773879
9706917
42474545
33114890
28930669
18434554
23178482
30737933
46237469
41422353
16381322
49169846
35135434
38189527
30764018
2727372
5136255
21916983
25017873
2569424
9848257
40893022
48574082
42803007
6786232
25629749
34402171
48680709
5285822
22667546
42730971
20265937
28355504
26893180
1502131
12343358
17237450
48425352
43815072
49840742
5320612
29087351
7813180
12860988
38312125
17513787
20347504
41310975
34496613
36182257
16357948
46590809
3277009
25114580
38475930
31737018
14442451
29322927
18440628
46228834
12463022
18579346
33659330
45059553
3069707
40575535
26754335
12164182
45513787
19120156
18299207
338972
27325576
13900686
1256209
27804871
44104805
8708514
18439414
17921644
31033907
40203543
42604511
21351317
6519473
14852783
15087737
1212855
47580757
21784132
14834934
4276343
41029440
19316034
48866258
47783768
40890516
30913307
39454253
28237048
42598874
39945262
22062176
36336628
26108001
31917171
37423738
843374
23015035
22857011
21450867
23244251
29822044
10185693
31000777
49833108
33485623
14135638
35718048
46823558
11409408
45163324
26176569
17159241
27040728
2165370
44338727
38340187
5275330
42371469
32651049
37669934
23172638
5576211
13928527
35540302
24776021
20403293
19583914
21161982
30299599
45265022
31365350
1984046
10462307
41933827
39254452
11189351
41893726
23597248
37909291
28959543
27876553
1570909
19051381
37342023
49932487
32934138
15751698
25184907
36077238
8838064
25395931
40743252
8287544
6508207
26558314
14650228
14180451
7424441
38302051
19417883
11987150
10678197
49288825
26918475
36914598
27415059
23623974
14613131
28063586
40214890
18715303
21434807
24372242
42297085
7089300
44576029
46093314
42488139
42695497
21325527
33709097
35945324
35736035
26318311
15106154
27109699
33207696
31132739
19212157
30162478
10533932
11920323
26847195
19354722
223969
35746592
22418043
31139956
44036208
11560890
45858963
6598352
25726414
38933734
43829085
28058211
28069598
27534353
12675185
42709215
1948910
41532065
15045313
9299414
40916683
41602148
33780003
5402655
40236340
38291293
49133622
27432445
1532340
21811745
40923826
16773242
11170867
38205490
41976269
31669583
45926829
6104656
24850140
1524682
49859564
40355419
43896986
26128125
37047944
34315143
12954131
10829981
30720352
24767489
48523744
16060181
11758212
31686719
47834698
13407366
21657656
8901996
19661685
4349516
2072978
13892024
38762232
30949240
30815917
16444825
45880392
40483356
29773063
16232538
11870076
30964449
33568858
43042235
7459641
40534211
22230432
10688201
16432510
31018539
48455706
4687037
461933
2169132
45769830
45424138
27269467
34881009
31555208
25858093
4722158
27990411
17450269
48048376
36060376
8118964
48036181
40733533
43425432
35847598
47967016
1591832
29428656
32266451
48723168
4012190
19660420
26735954
48664030
2678079
24385569
26805257
48091866
34330192
42229475
43595920
29530976
28762091
8325316
6954024
9796804
17616018
38910525
7501681
48452213
11338277
24593018
27708785
44059454
22805917
9526111
16312064
32386136
14098566
17750813
6517997
22147650
43086279
46554498
4970725
30752103
47585748
32989171
16423449
17448276
22980956
19816717
46251036
29841439
22190300
30224234
46946791
17308838
38133351
18475003
39891398
2398784
9396651
9933722
35016017
19356240
1740838
14832506
24887399
37818493
24342013
47902519
19543331
20579789
48038988
10623499
38093672
42539947
20450848
31895827
47853912
29518664
45182971
19789038
10364381
49911089
46646200
8627053
9833204
40765242
19618129
25785017
17267499
42732398
15295322
1879365
14204401
39139929
20331073
9956498
39207334
809785
17409462
24438486
48394845
34131003
34683068
27235774
32009207
41504149
11436031
23099781
43208146
10460720
39401993
33627937
21092065
35120581
25123049
25365725
32564295
43511812
11349511
35248051
32349996
11770048
32480586
25492805
955135
44878706
4345475
22975862
15087764
20757329
13853235
15053190
10072272
18677442
40845223
48906379
8025646
43620539
13216569
23924410
33473248
30824560
38212325
42858177
818782
35172987
15325741
49753028
13591559
24398122
44576668
2203892
26742295
42037130
6633043
22113384
34052147
4509565
18218284
37130294
35886726
49744976
36086390
5331619
3756407
29973025
38030740
35094501
16641117
16421020
17184707
49622697
12259761
46284920
43674934
16447515
15323635
46280787
48142580
30606076
11907173
2699978
40878541
17835077
37042461
18621138
6131013
49869300
12751636
49213431
4272751
8895210
35068255
20317939
4084590
13940663
15273056
16370578
39304146
39008400
32029875
31156721
6594805
36033008
3428110
21398222
42540693
4902609
13181916
32098107
7811902
29655279
5595955
31946224
13247039
6702560
36397758
39552347
14428001
40150817
32697498
20130041
38207042
644413
39038137
28840415
7484244
48317139
29705191
43125993
13072725
39522931
42609604
41232579
30618718
33229
16894509
27324642
40356195
18169270
33058173
42354298
11846855
22054618
34043857
32432350
34507395
19042524
43303985
20108318
17730157
35714670
16711585
22893673
18474290
45489245
37665812
33759940
20723488
42004897
29530841
7480630
12225913
32720971
437369
21421657
34195184
31575147
33271766
10947529
11998742
4399623
28992032
45162669
20444112
6346351
29742538
22980205
42807603
46101035
36144171
12257816
12991976
7295520
15556024
14308715
20615867
33673865
20493963
21475902
35594511
31667040
6906652
45952549
20136782
40904645
14112454
38319728
45089591
10374874
21727532
10495004
12878465
26591217
11527780
10599388
40944678
44465714
10544996
21856101
34659468
31794517
43855015
39945187
27978302
48752463
18078001
15349382
17639930
31674155
20375469
24883373
9729883
20550909
22395717
48768660
23752081
21162557
30179386
20670665
28541261
37801512
26410172
27992695
380678
27117426
3711620
27433285
23730498
43338417
9390564
30661351
18401743
1307257
47267386
13570293
13999517
44429735
48095092
17175128
19783486
25063497
1589072
21598707
28688930
25662856
21856361
37451322
37579104
49594590
13385008
14427055
41443472
33751963
29534824
18385349
7169549
4994707
16316704
10765468
21842798
48509587
32190962
48403208
39791549
31532561
3087006
44252810
26176687
46157543
47411653
32684793
16766891
18800054
40715274
39333471
25167098
3980686
6807519
3765786
42924755
22997668
18525150
36097572
24793293
29402030
19074712
7451152
31664706
9011697
4965303
21779882
49153823
27768131
10185287
10094488
39581368
20055863
38526403
13421392
37704203
5905928
29411213
16456885
22001113
38435474
36680710
44338210
17496566
37357790
35636652
19556825
46276270
1466452
9426620
4563666
46925963
47741428
49597361
21069583
24241710
29919842
14415846
12357430
21559874
31428854
15279501
30924014
24307087
22348065
13353671
45477585
47248689
17382930
17136772
40508045
1552787
9413358
7998736
43100014
27566910
28677695
26595780
32638903
3223313
35460150
4045750
34377300
25063442
1087250
37964465
29340461
2153123
33837066
21949298
36158888
33018198
18968082
38575215
22397757
42572110
4503642
49287020
5070249
37937099
6183648
37466252
7538671
35685975
10618229
34460427
5887479
38515472
31436934
40938521
43632440
12810242
4904556
45899320
28920347
18580091
31253617
30285466
49589197
10214327
43650539
22174746
4900679
12191925
43475799
38602615
22804246
30470585
35414286
46478672
49624229
29017684
1441737
26941933
38570005
19717511
426408
41855112
26168935
1266457
572971
15114927
21634846
28665529
10099545
17371329
14957895
39216843
45267501
21919050
35726363
30719307
43863207
44654365
13444024
38549911
23799845
47976428
38712158
10241135
12673334
9951159
13834103
20701856
12186080
6771051
1759897
35797349
40394267
2647620
8544540
36243905
23388756
4648423
21975540
21161859
15442010
44168844
14012819
13535955
20329257
10958135
28473194
18191734
15634947
14578450
23846785
1831835
9214865
29503806
8261780
25173472
1706170
29793147
49925129
49654707
13997860
25529325
3302717
29985073
29430383
26788397
13330354
13799749
25535252
39608807
8365076
6231181
11750548
34004286
38809295
48621604
34661474
8167402
10930894
14068568
8077112
32823512
49703645
40590691
24051171
21265430
27858761
12816529
14114838
6092881
34018168
24149695
32076626
17131857
34140647
7515681
30665649
1083505
486916
25503325
28186661
26864240
6715319
23802247
24185529
20802523
4382586
29135240
43755104
20179264
15392012
47057672
5667444
43649797
43190055
26151400
31632534
1063679
18435889
48964582
43443570
21694347
3044697
9444622
16709983
11902321
37888274
622366
8586467
34804136
10452765
9410031
46645374
31528598
2616631
4105820
40010607
14081159
49650442
44355752
19668575
24944637
41443418
27841883
10568486
28134665
11570911
11719724
34802637
10158975
49792542
44873539
12187957
24499301
7341146
10896717
2011934
33390379
13695370
20539664
27088783
41964012
25043964
17796020
41735915
21546828
1911140
1733426
22252096
1912395
31574878
2296653
49321717
9686549
27357219
3120527
36203551
25302511
40165158
48487680
35245886
11391076
10614784
6718622
1002505
23398608
14945124
6182332
28177864
4451046
7543748
31922975
31167594
27855337
36019154
29555808
9019795
40484839
42738633
48429
20899774
31960160
31506739
17237693
8603265
21667874
44048533
36237855
24533843
41178643
44857710
48071107
6469181
32063935
33071364
38335238
13172606
8444510
14717722
34543218
8711243
9569426
15136529
44238831
5515611
49874319
6361196
48135047
27101147
18944819
41272930
7061747
16762373
15181597
16822228
12390093
48991504
44249530
20207027
22053703
47678196
31014307
44852638
39646889
34891036
34688866
38733030
17899672
8838715
22007952
28321348
25150437
44372505
9745618
38880767
49419662
2296823
25838928
42404766
3222464
13280587
12225389
961117
9593513
42589344
2289356
15960458
10863934
26626356
21644783
786015
38392092
32264358
32470280
23078859
12599574
42192211
38735337
27223172
30340195
14417414
30413309
41695582
17636522
36633350
29518708
7906709
49993450
18743856
43987211
34526902
22639200
22632774
12503685
17131849
22882983
32705852
36836110
30622850
44509826
6476236
44829574
22976400
34834396
17640462
4235763
24523073
28622906
43103535
1705505
36461508
8471031
6347394
15242106
30697840
7458277
8071704
36941067
47828177
19844994
8475801
23328670
20604463
30371113
29270479
37131238
5567839
33871437
12254911
26679674
34286230
13078042
9509893
45672574
14888579
1122011
13332997
49218469
49968980
23752278
35270722
40328154
10185194
37774440
35605384
35235190
3153797
35779512
24337444
36202362
15463464
46553068
35626089
11190637
25130400
10653520
6720154
45660665
11115613
42607912
42568001
41485645
15183885
48055717
10203977
36293922
40913964
28455216
13569154
18684544
3282442
26902123
19897540
26157184
35013955
28270559
31980451
31407228
21603773
9134852
48422244
20132205
23732
5024475
16866421
47535965
37296248
44836787
20911483
14009299
49221702
41145605
39861655
4483867
3974338
27539837
9415595
9649690
32274810
10754395
16271422
26255557
10700041
43358007
28119238
26239545
39689285
12976930
16681473
23515440
4733300
15187077
18536669
9424793
26940220
8286028
48719625
49637407
39321080
45118453
10190228
13813092
29754821
9556870
45113135
18486500
21976104
722699
42732014
7871335
34938237
20881635
35181217
6886190
42180992
40161066
31615614
15581416
44320134
29411937
20053621
8379516
36323310
49855964
40938804
30492084
10313064
4724649
48318841
22909437
18260510
2749561
25602148
17143120
7572403
42070437
31308010
28582376
39257249
11304893
47631234
46401548
32702427
19535857
15074895
35087154
6915581
5944032
49107537
40487857
40201364
24330279
16192873
44621397
33187469
47083516
29023063
28298073
3801888
42819477
7059189
18804144
48590333
49153395
18513031
16889343
42967487
34079463
22067387
28161925
44760170
16861041
23935136
5576303
867458
6786787
47855038
32584627
16290290
39311308
33217284
14857108
39667007
29109614
44669573
17834462
6977005
47548584
32739864
37625979
40710964
37958123
25221012
40710106
34827273
44798996
25674996
2825367
40376876
7234181
39617252
43129377
6615374
38629577
6369543
7883505
16013137
24206224
38931334
45138054
47600674
40520721
28308488
26423788
48203560
49949785
2675291
23307209
43425374
29544349
30919939
38476528
35082193
2501567
26755818
42152310
49954923
28977431
44900419
1720711
14498169
38046030
12129103
1620306
42313568
22076284
6630639
19614368
27658511
1904187
48926213
30643464
17013053
24064497
45836141
23088788
23647719
16690049
18564493
29931024
3207746
21777660
30749590
46916105
42601200
17661289
10777156
14051324
37478810
36727187
43505800
21601080
49707857
26932189
23390067
11546619
33543455
5963930
22398475
23609215
41366088
36120325
49651120
15272028
21242248
20524252
6798006
48448620
6068823
42912881
27250580
20999999
41728275
33366038
42914443
12495145
25682321
13565999
17762402
47472549
32577371
23527960
22615772
29378188
24257387
10684898
11310744
21660044
1068867
7481338
12736576
39047082
20839155
33965091
46991527
43104544
37613533
19877895
37575681
36121640
11939212
26707399
41504886
46683349
5095937
13329138
6265532
6076187
47759069
40129047
44505941
27154737
17674466
9782155
48042439
22828018
35757467
23743094
26625896
8927647
25853031
6954226
49411074
19724119
41165923
38259220
5517129
21732287
15087742
29698093
2736221
16502312
36774801
10402668
44796599
18373623
1768937
33184860
15063834
46645970
14695176
16465278
15155374
29551786
43479502
14493375
9756067
833383
19917452
16353103
1394118
41085425
32431923
29457430
27818360
37334162
36992162
38123588
12900950
27670568
12486145
34800738
38983246
26817833
42094379
38618258
25978097
17548451
47428918
24425542
17687035
28945041
24845616
24462157
15750842
21485221
36263559
23962844
5170098
46519803
9025661
21586410
47139604
16568868
36123054
38853247
8641253
6484154
34054652
47536828
31926219
35927397
21037609
7033522
40539902
15289040
48325514
23376890
48154942
47120120
43282934
37183199
15029958
31224846
18061241
38537881
3570291
30886109
41527365
29385024
33362029
39665563
29271831
4339110
11498514
1484126
37578196
30096198
37513591
43639391
3861832
23327251
31985861
47399597
9924069
4279992
45768717
23784207
4389777
48242470
18528113
38235520
16912245
48839182
1850661
47889705
40113554
32937691
28912515
47259259
8949424
26591622
14442107
44412703
30340706
20792024
36131125
46788702
45276179
20445460
22181712
15607131
38242482
34088280
27322839
9679319
36212791
45722729
39384346
21102960
454687
40909192
3554820
47789144
24048430
39422948
8031817
4765630
41194809
4270054
35552397
27763706
49014997
10818435
49161025
13060659
16696655
40367692
12035360
12162684
1978878
43580968
33217215
48900024
8019517
22266059
5979786
6319068
27082138
38520683
47038524
45993267
26001407
27351842
25587988
46735625
31836954
9295217
23038162
12280226
6433279
20883970
23834181
11905849
47463615
28881032
16912384
33533081
6089090
12386042
17482234
26939362
13462529
15209568
23568680
43434554
42480404
5473964
22798236
30314920
6310106
35156139
17298508
1369073
40678672
4086991
37388255
3969236
45815900
25041472
6408249
11308725
116026
35508709
844129
312798
21935182
25820373
20553023
1855800
38123115
37806767
25154821
4656634
11569097
12648821
42713569
41666043
33433729
12199501
35917605
14654823
23169200
6507265
45847508
10379808
40246416
25110011
38519484
11873458
29574716
47403526
11911289
34046256
9989139
29870590
2036196
41747259
2602099
36077045
8072062
20915509
19557601
7232654
23424620
45837507
12107565
39601367
34795199
11233039
6692203
33396798
12962729
40500427
10418828
41150594
22642310
30512193
44190383
36774346
26095004
30060449
7810240
44876040
37209306
4393188
22705879
16523692
24541278
9487945
16069310
32934895
12639297
27131088
2791085
24046544
3934204
32240670
44269036
47488746
39670280
6629040
34886129
6103786
44527578
43943163
21511953
35389021
37782070
38593423
47124242
35696930
35008872
26453303
36667018
43164323
13484326
18962387
21496073
9091620
30058368
13290343
19660157
42032919
28609799
27127960
29201674
25304536
5529026
32914574
1599484
32966520
7000698
21576474
37665052
32487704
40913809
26092509
20528441
33394352
19273260
45905981
46902498
3698743
35403291
2793914
12621763
5985273
20610464
39424436
38337612
36425823
11633911
43012249
21048940
49610703
3218276
35855740
1876574
3168046
20330358
25830297
12632508
23606592
36088711
3518872
45913562
29112099
49562588
34116459
35164002
11964849
34141340
24885574
45710089
46921386
3001157
14394394
6620340
30684439
12462479
14869121
47809066
21495677
4896498
47918051
13663919
33237358
13873883
38328916
42977937
41138879
1046411
3035596
25601277
13826430
46264149
7806844
19491213
318016
16132126
44264618
22196305
11882146
26166806
15325775
24949988
26974996
3003579
10464219
9507275
40181544
16520403
41725860
44864479
17326523
28376354
45660585
38288275
47658866
42022929
20786251
13749016
43844662
49434643
18294880
27461177
46323993
686351
27909730
27758902
25308886
18662083
12716897
32763656
17007098
40274019
699927
42046194
46474443
26539442
2805108
46707889
30140485
8649545
44490697
46271521
14963573
4732811
42788416
7675939
7736204
10665199
32785152
4462762
12304986
36033415
21970005
11231793
49666798
17213369
45694803
47984408
46641953
26723056
19113061
35987807
19222595
19106219
38259324
17548915
7280780
8012847
26501711
13564455
5805124
37228643
33418016
13474668
8530547
34777530
2395465
31471172
32133054
7337946
7476374
15344113
2552236
26042526
12380133
5610841
46547836
4523164
16223693
29256019
41293483
24890807
29400969
49549585
9580376
29663718
40064092
2754948
44484908
33797320
12681525
14121811
48647899
21335340
2936544
38171614
953695
10248232
22907444
16831050
11779554
23495970
31006674
13465348
43227181
3786831
26260496
25503675
10274202
19582744
33929881
4271439
15115307
12345560
42091596
13041877
22541106
44158454
48397645
29452176
1698505
29563503
4656208
16493758
40376724
35470835
19314371
37369783
10811105
9620960
36716828
21310660
3805955
7473634
45953657
4370892
27509547
34765568
35854507
1171844
41512620
48350761
11402820
48592145
21585988
24855256
2578997
9629216
6965405
45923712
15680791
396052
25582799
229578
37762942
3920336
26006516
38047693
8029046
15067154
42163601
2361913
37825158
36613426
4960958
1328311
43544435
31972559
38352172
43271136
25907697
18956138
46010509
41342356
25955505
30176925
15949701
45827381
32921083
41111462
16780057
23162374
42728052
30533480
32153810
10276913
30482404
36000865
24168262
15021639
9691018
19251086
42754603
49055141
11700644
26068559
17261136
10758670
24701304
49660935
1405068
28973353
20123109
9662589
2855812
30865520
27539563
47693320
36339352
15232748
26993264
8390235
42043699
23685496
13965418
27232266
28262272
28033094
30909105
49220950
30354133
29789149
26067960
31106111
24398118
22669465
21878228
44652456
26768591
8933176
48540360
35563456
13818729
16509260
14559894
47821098
12815451
38143780
13059516
48942952
44246619
41532084
24388363
31096634
36789451
27394383
25153520
43218113
20595644
14328662
26362347
9484597
31556767
7291392
36428619
43770915
30354670
20154154
41848827
27656762
3414884
13382163
14574580
22661534
37023497
10517259
44268462
25789300
34728896
28976523
12100752
29727909
1599568
46571514
13854847
25902055
38077095
44761180
11565596
18342195
45676319
37806720
10459299
43032765
26969476
38592238
13274789
10112184
27601188
21239332
31445857
16488547
49557595
8761405
32660878
21220804
40960436
41092430
35607167
49346332
42150114
2369054
45378305
6513897
4386173
5754591
1440565
581747
3540176
22247169
6036241
21024798
23937489
13623575
49901100
10106793
14294985
20640127
4430736
24356497
41824372
21172850
39154569
29971963
31882573
22724457
47218014
11758682
19444194
20350126
6811517
37707637
10724830
10201683
10955976
27862654
7948407
35722397
41492667
27493154
10622021
37692639
37065650
42190169
31512155
46966986
18873337
46302682
16736267
7607492
44551502
9841267
29856996
6514187
2642638
9099879
25565066
31729951
25459075
32002880
11439241
1339100
39337565
46179053
24319195
29590750
39251386
38380249
12202652
30020039
1332560
33001928
45081168
38036165
23073963
22802026
5704960
24828145
4623131
11894073
9055900
41878020
20139676
45457745
26415107
10031837
7447194
44889380
13229294
42561971
21521719
19619242
47741796
5574916
23804311
40454067
33202105
1070759
41732467
39615890
28033968
11345437
24509231
16959470
12886457
34455222
18806981
34925575
1573325
32857109
21378708
11199258
3490405
43580841
16025862
47010760
20578003
17657242
30127255
29054762
22650440
2714940
18309752
44069949
30741735
44252293
5385098
22341808
36995381
2105462
8767765
41887318
716582
49300942
38497176
1289308
20314557
25546408
13397776
31549286
25502506
26064892
2414790
46660008
45090710
18138433
46765222
25175352
22524079
24615123
34398946
28488669
27326398
47464794
22959869
8881197
23235714
48259134
17554871
37069774
12945532
32804856
18900618
17896092
5590581
30190549
45084268
5690518
44709443
21381820
34144406
7618554
1544006
8625224
7183979
16304840
4993883
11885466
25057666
4359338
10335178
38380152
15901133
5864449
5060785
647283
48526899
902429
49425916
22893171
41437086
4723310
10485345
39108022
42018631
30921283
42345890
22206367
44623240
7102316
41108555
8185833
3769266
47254549
9309004
13389650
5446262
12453716
6154145
48201238
6146229
257776
29056084
46009906
15641450
14107563
3355353
48115660
5329248
25964485
21502014
41973357
35522970
12927758
31946781
13240564
47529024
33239047
40631588
47397246
12486604
31488182
19331615
49094480
45376286
39715836
4111516
29696770
12410299
34063414
423686
5339069
11801156
13268800
17667188
9656482
36372901
38616729
12706769
46973993
8322192
47168681
5085495
12629790
12552584
21569156
15281733
10900063
26485721
42634056
39749132
19912510
40369605
27667777
34001006
42989603
19153074
14647063
28623496
16840957
23136389
49354756
16157849
35604666
468627
43945715
45870992
16889167
18887733
10822257
4338814
4135221
4213296
33146616
23100433
49185040
4053644
41597121
28863174
5365463
45233726
48057311
29925992
805237
49947028
45265006
5921130
21367333
39469316
24258499
46847087
45706561
40634879
45512934
4421054
38198443
17611871
48798140
21412023
30251802
24032526
49807707
32242375
24860037
33533961
20149248
32822105
21036931
36635864
49994049
12769815
15308314
39408281
11445616
2865515
46363141
23682382
27496677
31201920
30980152
21767954
27061093
31113272
31164860
30345047
10246508
9535023
49516894
25874775
28158690
1642814
9357126
21254956
25599171
42425758
10024987
26804507
24542388
936181
29150835
44410773
11595068
10136034
39791341
12341967
14562208
6365023
1099873
26259139
31694728
10059609
18179127
22636843
13271215
1454967
33374745
26322239
10624431
20369027
36864822
18634093
15283327
12747066
32650797
40723338
48568646
33496511
29048492
29199576
10725384
32704979
44680359
4010455
23714221
7114313
4489992
21695123
47380477
31990814
40789954
19416063
9494416
15780813
34813577
33167322
14522618
27940469
32917361
870242
20670047
42379827
10643628
22721755
42309391
20844815
45906328
41505504
28789532
41045579
8177041
40205984
8685773
35543320
18917797
22890650
48637604
25055411
46205427
8598896
24801259
37938500
31777595
4236248
1188485
30002912
24830853
27984437
16516154
14056355
21890954
46189810
15665784
20974007
42538393
31956416
18826141
37245136
22867839
38736566
22217110
46864104
13044473
8531742
21597832
42458554
38404724
15363012
47520116
39784470
40895279
15906002
16716757
32788582
37802292
31524561
1301732
21035949
34289978
6414445
25779425
9955968
41849559
21585899
5456467
35516399
32946459
31050552
40439788
48843633
17851451
4491292
30164424
26144036
12964207
18536165
47775313
9602163
24413029
3960851
31792620
16548082
14987647
42484598
204900
21958987
23902083
41651287
32383593
37706989
9805962
18304452
21477232
32527514
21083478
40585498
35991168
13425689
43341696
12629558
40103399
40606328
8077387
19838695
49218979
4064312
49358227
13082410
35131639
33831543
18955320
16658198
25233532
28386469
47019565
732429
20010322
17514602
13706318
9667678
19871163
1696762
1934162
43730484
43217323
28281236
5282118
24738453
31201562
9906259
29976531
42002760
25636893
37263162
10534645
39852269
29805684
21078024
7230637
18357769
30597834
18518656
13272839
47398773
40704378
30422697
19110108
10932109
39358031
8625885
21662992
1137914
8315793
3518082
21913598
37082690
32017742
24751227
9512874
21157328
48352022
25167775
36918408
1708946
42204118
29142671
43374361
21735504
26544087
11945274
21918459
41143242
2317538
43192674
18985698
21744224
37957908
38153379
2642847
34340169
3748648
48504723
48135192
47893190
8849430
33331405
4286775
4556335
9389299
10171687
6862099
35083213
10964364
47905919
15771497
6164582
24180461
23963304
22693404
5446471
27691923
23056802
4669203
33048144
26881120
36581807
4170848
35210636
27940973
43071726
26574452
46612920
10400802
36782203
6004481
13908620
30098203
10674368
7734241
17498953
15260299
16056829
3792604
43269017
45870382
37425580
1625727
3522083
43144462
46794192
15134384
32124561
2845071
2830377
14696903
15613929
10242877
9239088
33593617
21438533
21672826
26006382
42569207
44980590
26562279
1292232
34242094
19437373
33032814
1577941
44938920
47965537
46783251
27846067
36911963
4560823
2693082
13430123
39571996
2416296
14014789
15401888
39106966
32981663
479989
23446599
47098627
5410817
39029390
24703998
34168388
11017880
26654400
14279314
10217719
35985787
493248
42122879
49946035
41794855
18885587
17827251
37330161
25118888
34284553
26066412
10728247
13528203
40776590
17198542
22446960
13138067
21948498
17471247
26349119
7997208
43651810
19151645
30309705
1933910
29899916
40491333
43715294
45086848
34346661
27225452
13729808
12403870
7562734
2795763
26001469
7162505
49849365
13796456
13431346
38265944
49372162
20039365
46288328
45245223
14384278
39812883
20358858
24222162
31123735
3648546
43475143
42018045
15422293
38040432
16933754
14549610
34299301
1598033
20797144
829490
14523940
12141280
22409800
13848097
33527101
48314498
26076608
48316322
21968678
30728099
26223085
40386987
11090230
32996239
32224039
37636657
40046570
19149011
44763245
16677792
5212624
41363913
7198205
18170
2093794
41558960
3357326
752420
18403354
638
20363955
29867514
25596726
48905467
38125279
10703006
6525176
3592865
24699403
14449120
43337035
12803396
28398168
49784476
25019593
5106953
18789053
28017082
43864098
1502873
19962870
2348325
8058200
20270242
9518594
17631222
30663897
13734902
8074877
42728872
49946480
45756745
2037937
31977698
11715954
962614
7555572
5777757
48641112
15757352
30550948
38908178
46635198
37409490
18329751
18123880
1513907
47169260
37797771
32193801
4246908
49085708
46426016
10287445
14460323
4372665
26678388
45501104
25328566
2006430
2493845
33381523
29023748
31252706
27677325
11745589
890473
38705756
2955054
44064355
4228547
18845709
47640701
18895751
48242607
32156635
13602876
17937157
1638322
45046327
18251092
12621153
15758404
46283321
30064043
130769
43632992
2961053
37796517
29215476
37510125
47173972
32784535
15537105
48021046
49830076
3173884
19227839
24429963
5933499
40134396
24648896
30618923
31707274
36546868
10998790
25049557
44197989
24915662
48734365
36978600
36290262
9777474
21522568
49338100
42903650
23272533
27313420
11674443
38937356
26962947
24971875
31372333
23316112
19625958
9907497
45141312
33186051
45346179
36391031
27368726
24181261
28971659
5801265
40409731
16991986
9236966
22334105
24069850
43316367
31309989
30250580
36185892
45656690
11024387
2869290
23048793
33980768
41947257
9734175
40184289
22927737
36252951
42459608
49982274
10699031
38499860
9363117
13811864
46520860
26598612
5485708
28117009
7508138
33647288
36507005
2817126
34867677
6966929
38618777
271155
17093781
36939979
44603031
11052959
49641184
15219106
45903182
47630717
22474742
32828315
7846460
21843084
49113939
25053225
36805905
26505353
35106059
44083270
26360345
14701636
38723120
23564229
27380314
46157541
7142172
15154177
42981172
43211551
30444212
10448931
46569717
12638690
48063497
40006
33857167
7234395
33232507
9687538
4845709
46636460
20572622
16229163
27254245
20324431
14042130
36370783
42832141
6481860
12818236
1577437
1088507
2086916
19849735
8125243
13897402
12463065
45666343
4787290
4497762
17007663
30373430
7982798
28314407
23992379
44398223
27044928
709238
46829809
40101632
20147121
23029723
26021283
25160184
13988737
20386776
28757752
41557687
39573481
32107532
42628867
41258744
39818119
2810177
45574800
32972832
2115141
33554088
21450132
23588563
2083082
17165253
47018586
31782591
25753382
36172840
6577128
28367030
46210571
39401274
41623048
23558898
45959384
32904045
1833961
25499175
2595207
32712110
5826972
31868108
16921930
36489437
6177295
5567667
16467813
48605518
48023674
42365748
6308612
30513476
25491378
22641371
16198648
40507498
31492816
2304664
21667609
20791239
37086089
47247332
30279453
14532785
41185869
27555377
6372241
690817
45890639
8615716
39824352
45314771
1894870
33976853
29825192
4637198
33693524
12162361
31083484
18437568
46783674
37919862
26050193
35947732
43869221
48609027
3269202
16992255
39303050
7896605
46856522
34677589
32957098
11671486
30314816
19689036
10921713
2672041
19480809
40340505
22240926
28637475
7360137
46090863
10388198
5155348
13362925
32356285
32631516
16712972
382019
25991511
49964616
43880577
11853548
25281227
2944381
20285443
12259301
14993642
22821740
45837579
39162709
33108230
15349981
47904184
29841059
47028553
7790639
6814083
11034932
9341912
8858305
49684478
40614687
37766908
1589019
29400213
33295773
24607187
46903809
28855032
1378257
47540512
35243914
46560943
24715411
42602856
36472638
7135560
28093422
31786652
2250622
18716812
29279003
37398534
47113629
28337071
4492172
4373845
5854777
17634572
44607419
24000989
31851581
26932599
34031817
16323022
9229301
8120904
1617948
10871324
5796699
38280282
12535314
44603301
13188037
29937408
